state,fips,county,historic_heat,future_heat,heat_downside_change,heat_risk_percentile,cooling_climate_robustness_factor,historic_dry,future_dry,dry_downside_change,dry_risk_percentile,water_robustness_factor,historic_heavy_rain,future_heavy_rain,heavy_rain_downside_change,heavy_rain_risk_percentile,climate_risk_robustness_factor
GA,13001,Appling County,73.06198755900066,135.27695337931314,62.214965820312486,0.9072164948453608,0.8185567010309278,28.470523071289065,27.778220558166502,0.0,0.0,1.0,1.5463198701540628,2.119139226277669,0.5728193561236063,0.2646048109965636,0.9470790378006873
GA,13003,Atkinson County,77.72325922648112,136.86759236653646,59.14433314005534,0.6907216494845361,0.8618556701030928,28.191326332092284,27.253495279947916,0.0,0.0,1.0,1.668237046400706,2.3000063061714173,0.6317692597707114,0.3642611683848797,0.9271477663230241
GA,13005,Bacon County,72.69285265604655,137.10081939697267,64.40796674092611,0.993127147766323,0.8013745704467354,29.48698094685873,28.345988909403484,0.0,0.0,1.0,1.950029997030894,2.3814727544784544,0.43144275744756033,0.054982817869415807,0.9890034364261169
GA,13007,Baker County,77.34104690551757,138.51538569132487,61.174338785807294,0.8487972508591065,0.8302405498281786,27.280480575561523,26.921084785461424,0.0,0.0,1.0,2.257281259695689,3.0224610726038614,0.7651798129081726,0.7250859106529209,0.8549828178694158
GA,13009,Baldwin County,60.71126314798991,120.06065063476562,59.34938748677571,0.711340206185567,0.8577319587628865,28.675280380249024,27.464119084676103,0.0,0.0,1.0,1.8100515484809876,2.4527069767316183,0.6426554282506307,0.4054982817869416,0.9189003436426116
GA,13011,Banks County,29.498154894510904,84.36523513793945,54.867080243428546,0.4742268041237113,0.9051546391752577,24.886019134521483,25.068916829427085,0.18289769490560204,0.8075601374570447,0.8384879725085911,2.560631740093231,3.4963168064753214,0.9356850663820904,0.9347079037800687,0.8130584192439863
GA,13013,Barrow County,37.97758922576904,93.01049779256184,55.0329085667928,0.4879725085910653,0.902405498281787,25.396831385294597,25.11993039449056,0.0,0.0,1.0,2.246036946773529,3.134891692797343,0.8888547460238141,0.8934707903780069,0.8213058419243986
GA,13015,Bartow County,33.63199570973714,92.57629776000977,58.944302050272626,0.6769759450171822,0.8646048109965636,25.0336763381958,25.239181900024413,0.20550556182861257,0.8350515463917526,0.8329896907216494,2.3115080992380777,3.2145020325978595,0.9029939333597818,0.9003436426116839,0.8199312714776632
GA,13017,Ben Hill County,76.84320907592773,132.18360112508137,55.340392049153635,0.5154639175257731,0.8969072164948454,28.984328842163087,28.628740628560383,0.0,0.0,1.0,2.096214524904887,2.8834661841392517,0.7872516592343648,0.7731958762886598,0.845360824742268
GA,13019,Berrien County,73.7176394144694,132.98662134806315,59.26898193359375,0.7044673539518901,0.8591065292096219,28.99390392303467,28.52731196085612,0.0,0.0,1.0,2.3453472812970477,3.1305617968241375,0.7852145155270898,0.7663230240549829,0.8467353951890034
GA,13021,Bibb County,64.28104489644369,126.51992975870768,62.23888486226399,0.9106529209621993,0.8178694158075601,27.96610730489095,27.14950663248698,0.0,0.0,1.0,1.650450579325358,2.1445342659950257,0.4940836866696676,0.12714776632302405,0.9745704467353952
GA,13023,Bleckley County,71.67978439331054,129.29264704386392,57.61286265055338,0.6116838487972509,0.8776632302405498,27.79104798634847,26.645705540974937,0.0,0.0,1.0,1.4521503428618112,2.0945242245992026,0.6423738817373914,0.39862542955326463,0.920274914089347
GA,13025,Brantley County,71.54732411702474,131.47435887654623,59.92703475952149,0.7525773195876289,0.8494845360824742,28.563494809468587,27.691448911031088,0.0,0.0,1.0,1.9084481000900269,2.536953318119049,0.628505218029022,0.35738831615120276,0.9285223367697595
GA,13027,Brooks County,76.85538431803386,139.1545608520508,62.29917653401694,0.9140893470790378,0.8171821305841924,28.72122376759847,28.882086817423502,0.16086304982503208,0.7835051546391752,0.843298969072165,2.4152113159497577,3.251435089111328,0.8362237731615703,0.8556701030927835,0.8288659793814432
GA,13029,Bryan County,63.68989957173665,123.91537170410156,60.22547213236491,0.7800687285223368,0.8439862542955326,28.5066525777181,27.44651877085368,0.0,0.0,1.0,1.640477979183197,2.2306304971377053,0.5901525179545084,0.2852233676975945,0.9429553264604811
GA,13031,Bulloch County,67.07814801534018,125.74833246866862,58.670184453328446,0.6460481099656358,0.8707903780068729,28.522290484110513,27.394498761494955,0.0,0.0,1.0,1.5798263907432557,2.188020658493042,0.6081942677497865,0.32646048109965636,0.9347079037800687
GA,13033,Burke County,62.03187840779622,121.6779780069987,59.64609959920248,0.738831615120275,0.852233676975945,28.09194679260254,27.0800240834554,0.0,0.0,1.0,1.3127688348293305,1.9059108257293704,0.5931419909000399,0.2920962199312715,0.9415807560137457
GA,13035,Butts County,43.91316528320313,105.8595443725586,61.946379089355474,0.8934707903780069,0.8213058419243986,26.26882158915202,25.52818908691406,0.0,0.0,1.0,1.6775301396846771,2.189280716578166,0.5117505768934887,0.16494845360824742,0.9670103092783505
GA,13037,Calhoun County,70.01010271708171,134.34125086466472,64.33114814758301,0.9896907216494846,0.8020618556701031,28.20477714538574,27.49479103088379,0.0,0.0,1.0,2.634709624449412,3.275366433461507,0.640656809012095,0.3951890034364261,0.9209621993127148
GA,13039,Camden County,53.16195564270019,117.72702153523764,64.56506589253745,1.0,0.8,28.04384199778239,27.01433302561442,0.0,0.0,1.0,2.280482014020284,2.996045684814453,0.715563670794169,0.6082474226804123,0.8783505154639175
GA,13043,Candler County,74.20559056599934,131.54922103881836,57.343630472819015,0.6013745704467354,0.8797250859106529,28.63040828704834,27.49029966990153,0.0,0.0,1.0,1.581698767344157,2.297434091567993,0.7157353242238362,0.6116838487972509,0.8776632302405498
GA,13045,Carroll County,27.73567174275716,84.68417421976726,56.948502477010095,0.5876288659793815,0.8824742268041237,25.98635698954264,25.973237164815263,0.0,0.0,1.0,2.4594022274017333,3.29422918955485,0.8348269621531168,0.8487972508591065,0.8302405498281786
GA,13047,Catoosa County,30.63939514160156,91.89150568644206,61.2521105448405,0.8591065292096219,0.8281786941580755,24.516779963175455,24.685243479410808,0.16846351623535227,0.7938144329896907,0.8412371134020619,2.4873096227645872,3.333868916829427,0.8465592940648397,0.872852233676976,0.8254295532646048
GA,13049,Charlton County,85.41323394775391,144.50726572672525,59.09403177897134,0.6872852233676976,0.8625429553264605,29.193887265523276,27.82868398030599,0.0,0.0,1.0,2.250925624370575,2.995695169766744,0.7447695453961694,0.6701030927835051,0.865979381443299
GA,13051,Chatham County,54.37187207539876,114.73692677815755,60.36505470275879,0.7938144329896907,0.8412371134020619,29.300280062357583,28.531676864624025,0.0,0.0,1.0,2.171003456910451,2.7825373888015745,0.6115339318911235,0.32989690721649484,0.934020618556701
GA,13053,Chattahoochee County,61.17493120829264,124.90928624471027,63.73435503641763,0.979381443298969,0.8041237113402062,26.671845308939616,26.240555636088057,0.0,0.0,1.0,1.5487950762112936,2.110696252187093,0.5619011759757992,0.23367697594501718,0.9532646048109965
GA,13055,Chattooga County,32.2814640045166,89.71797892252604,57.43651491800944,0.6082474226804123,0.8783505154639175,25.73672192891439,25.933103879292805,0.19638195037841655,0.8247422680412371,0.8350515463917526,2.8094278653462728,3.7931556940078734,0.9837278286616007,0.9553264604810997,0.8089347079037801
GA,13057,Cherokee County,25.476819610595705,80.96353251139323,55.48671290079752,0.5223367697594502,0.8955326460481099,24.752534993489583,24.905790328979492,0.15325533548990933,0.7731958762886598,0.845360824742268,2.5752543210983276,3.508256475130717,0.9330021540323892,0.9312714776632303,0.813745704467354
GA,13059,Clarke County,44.86087659200032,101.61660410563152,56.75572751363121,0.5773195876288659,0.8845360824742268,25.72089188893636,25.42467581431071,0.0,0.0,1.0,1.780855949719747,2.4671440919240317,0.6862881422042848,0.5360824742268041,0.8927835051546391
GA,13061,Clay County,67.52021764119466,130.33795344034831,62.81773579915365,0.9450171821305842,0.8109965635738832,27.403356806437177,27.0568328221639,0.0,0.0,1.0,2.776077469189962,3.3306921164194745,0.5546146472295126,0.21993127147766323,0.9560137457044674
GA,13063,Clayton County,32.648726081848146,93.08873494466144,60.44000886281329,0.8006872852233677,0.8398625429553265,26.313142840067545,26.35179748535156,0.03865464528401574,0.7147766323024055,0.8570446735395189,1.7890431801478068,2.465583956241608,0.6765407760938014,0.49140893470790376,0.9017182130584193
GA,13065,Clinch County,80.03414840698242,139.12573750813803,59.091589101155606,0.6838487972508591,0.8632302405498282,28.809592501322427,28.03154182434082,0.0,0.0,1.0,2.264643891652425,3.0064720074335733,0.7418281157811482,0.6563573883161512,0.8687285223367698
GA,13067,Cobb County,32.11747252146403,91.91028289794922,59.792810376485185,0.7491408934707904,0.8501718213058419,24.930557759602863,25.36630783081055,0.4357500712076856,0.9347079037800687,0.8130584192439863,2.0268401741981505,2.8064200321833295,0.7795798579851789,0.7560137457044673,0.8487972508591065
GA,13069,Coffee County,77.47298126220703,136.3054532368978,58.83247197469076,0.6632302405498282,0.8673539518900344,29.04974276224772,28.00184377034505,0.0,0.0,1.0,1.774291197458903,2.411666770776113,0.63737557331721,0.3848797250859107,0.9230240549828179
GA,13071,Colquitt County,73.61512285868326,135.74497985839844,62.12985699971517,0.9003436426116839,0.8199312714776632,27.845187695821128,27.775194549560545,0.0,0.0,1.0,2.1717480421066284,2.9545106728871664,0.782762630780538,0.7628865979381443,0.8474226804123711
GA,13073,Columbia County,57.015149688720705,113.16903686523438,56.15388717651367,0.5395189003436426,0.8920962199312714,28.28351707458496,26.91476764678955,0.0,0.0,1.0,1.752287173271179,2.407089376449585,0.6548022031784058,0.42955326460481097,0.9140893470790378
GA,13075,Cook County,73.77168769836426,134.82861785888673,61.05693016052247,0.8419243986254296,0.831615120274914,27.203358713785807,27.481228383382163,0.27786966959635606,0.865979381443299,0.8268041237113402,2.3288065433502196,3.144117983182271,0.8153114398320516,0.8247422680412371,0.8350515463917526
GA,13077,Coweta County,36.913720703125,97.86977971394856,60.95605901082356,0.8316151202749141,0.8336769759450171,25.812276077270507,25.807568232218426,0.0,0.0,1.0,1.871761441230774,2.6769364277521768,0.8051749865214028,0.7972508591065293,0.8405498281786942
GA,13079,Crawford County,59.046179580688474,122.44547500610352,63.39929542541505,0.9587628865979382,0.8082474226804124,26.912523969014487,26.544020716349284,0.0,0.0,1.0,1.5313410063584645,2.0902339458465575,0.558892939488093,0.2268041237113402,0.9546391752577319
GA,13081,Crisp County,78.02267990112304,134.2742940266927,56.25161412556966,0.5498281786941581,0.8900343642611683,29.884411430358888,29.483360036214194,0.0,0.0,1.0,2.02861324151357,2.809260598818461,0.7806473573048911,0.7594501718213058,0.8481099656357388
GA,13083,Dade County,19.0670134862264,71.13173421223958,52.06472072601318,0.31958762886597936,0.9360824742268041,23.43025671641032,23.50344155629476,0.07318483988444058,0.7319587628865979,0.8536082474226804,3.012295683224996,4.089783477783203,1.0774877945582069,0.9759450171821306,0.8048109965635739
GA,13085,Dawson County,16.084179083506267,63.80239435831706,47.71821527481079,0.21305841924398625,0.9573883161512028,23.473460388183593,24.031328201293945,0.5578678131103523,0.9690721649484536,0.8061855670103093,3.4353657881418864,4.544886859258016,1.1095210711161294,0.9828178694158075,0.8034364261168385
GA,13087,Decatur County,77.88280995686848,140.4747922261556,62.59198226928713,0.9347079037800687,0.8130584192439863,27.83564484914144,27.62090962727865,0.0,0.0,1.0,2.6839164018630983,3.4972644567489626,0.8133480548858643,0.8144329896907216,0.8371134020618557
GA,13089,DeKalb County,31.47008934020996,91.60751088460286,60.1374215443929,0.7663230240549829,0.8467353951890034,24.654318300882977,24.88931573232015,0.2349974314371721,0.8487972508591065,0.8302405498281786,1.4923913876215618,2.1487717032432556,0.6563803156216939,0.436426116838488,0.9127147766323024
GA,13091,Dodge County,76.10488306681314,130.1643094380697,54.05942637125655,0.44673539518900346,0.9106529209621993,28.88437207539876,28.3719482421875,0.0,0.0,1.0,2.029737881819407,2.802743411064148,0.7730055292447409,0.738831615120275,0.852233676975945
GA,13093,Dooly County,73.29885711669922,131.99266510009767,58.69380798339844,0.6494845360824743,0.8701030927835052,28.36130886077881,28.06286366780599,0.0,0.0,1.0,1.7809226433436076,2.4612163941065472,0.6802937507629396,0.5051546391752577,0.8989690721649485
GA,13095,Dougherty County,76.10166625976562,135.1539733886719,59.052307128906264,0.6804123711340206,0.8639175257731959,27.688678359985353,27.292319107055665,0.0,0.0,1.0,1.9561679045359293,2.692453118165334,0.7362852136294047,0.6391752577319587,0.8721649484536083
GA,13097,Douglas County,30.84349708557129,90.0888287862142,59.24533170064291,0.7010309278350515,0.8597938144329897,25.31509081522624,25.443455568949386,0.12836475372314382,0.7663230240549829,0.8467353951890034,2.0054380853970843,2.7143392006556195,0.7089011152585352,0.6013745704467354,0.8797250859106529
GA,13099,Early County,74.15402259826661,137.72178497314454,63.56776237487793,0.9690721649484536,0.8061855670103093,27.290827560424805,26.767730458577475,0.0,0.0,1.0,2.618037764231364,3.3452245394388833,0.7271867752075192,0.6219931271477663,0.8756013745704467
GA,13101,Echols County,80.1769276936849,141.6693244934082,61.492396799723295,0.872852233676976,0.8254295532646048,28.033735593159992,27.18241697947184,0.0,0.0,1.0,2.0608024994532266,2.7173046271006265,0.6565021276473999,0.43986254295532645,0.9120274914089347
GA,13103,Effingham County,62.613263575236,123.2931292215983,60.67986564636231,0.8109965635738832,0.8378006872852234,27.832641283671062,26.930091222127277,0.0,0.0,1.0,1.5253334482510883,2.131902384757995,0.6065689365069067,0.3230240549828179,0.9353951890034364
GA,13105,Elbert County,40.93811111450195,95.33400166829428,54.39589055379233,0.46048109965635736,0.9079037800687285,27.6142204284668,27.0619202931722,0.0,0.0,1.0,1.8710462729136148,2.808351182937622,0.9373049100240072,0.9381443298969072,0.8123711340206186
GA,13107,Emanuel County,71.30938873291015,128.04259541829427,56.73320668538412,0.5738831615120275,0.8852233676975945,28.050941022237144,27.094094848632817,0.0,0.0,1.0,1.4699912269910176,2.0317563017209372,0.5617650747299197,0.23024054982817868,0.9539518900343642
GA,13109,Evans County,71.0933671315511,129.83709487915038,58.74372774759928,0.6529209621993127,0.8694158075601375,29.19488302866618,28.097925885518393,0.0,0.0,1.0,1.4507077614466348,2.2037185430526733,0.7530107816060385,0.6941580756013745,0.8611683848797251
GA,13111,Fannin County,6.025788577397664,47.21127891540527,41.18549033800761,0.10309278350515463,0.979381443298969,21.060774930318196,21.666394805908205,0.6056198755900084,0.979381443298969,0.8041237113402062,2.703165396054586,3.626927208900452,0.923761812845866,0.9209621993127147,0.815807560137457
GA,13113,Fayette County,33.77586994171143,95.46259053548177,61.68672059377034,0.8797250859106529,0.8240549828178694,25.329220072428384,25.304574139912923,0.0,0.0,1.0,1.5500411947568258,2.200349791844686,0.6503085970878602,0.41924398625429554,0.9161512027491409
GA,13115,Floyd County,35.526956176757814,95.82790247599284,60.30094629923503,0.7869415807560137,0.8426116838487973,24.72544606526693,24.85942211151123,0.1339760462442996,0.7697594501718213,0.8460481099656357,2.1773881475130716,3.0167372862497968,0.8393491387367251,0.8591065292096219,0.8281786941580755
GA,13117,Forsyth County,22.745748202006023,74.65430043538412,51.90855223337809,0.3024054982817869,0.9395189003436426,24.574616940816245,24.776881154378255,0.2022642135620103,0.8316151202749141,0.8336769759450171,2.6969542940457663,3.791985193888346,1.09503089984258,0.979381443298969,0.8041237113402062
GA,13119,Franklin County,35.5015308380127,93.4729715983073,57.9714407602946,0.6185567010309279,0.8762886597938144,25.491841570536295,25.271756744384767,0.0,0.0,1.0,2.0361122727394103,2.9449738264083862,0.9088615536689759,0.9072164948453608,0.8185567010309278
GA,13121,Fulton County,30.74096450805664,90.01644465128581,59.275480143229174,0.7079037800687286,0.8584192439862542,24.940361722310385,25.158426602681477,0.21806488037109162,0.8419243986254296,0.831615120274914,1.762756637732188,2.4573390603065492,0.6945824225743613,0.570446735395189,0.8859106529209622
GA,13123,Gilmer County,9.143349313735962,49.253706487019855,40.110357173283894,0.09621993127147767,0.9807560137457044,22.15162181854248,22.829451052347817,0.6778292338053369,0.993127147766323,0.8013745704467354,3.064856847127279,4.068344298998515,1.0034874518712358,0.9621993127147767,0.8075601374570447
GA,13125,Glascock County,53.35528132120768,111.7459821065267,58.39070078531902,0.6357388316151202,0.872852233676976,29.376919492085776,28.37840512593587,0.0,0.0,1.0,2.1212709029515584,2.8800380071004232,0.7587671041488648,0.718213058419244,0.8563573883161512
GA,13127,Glynn County,50.03989677429199,111.90590871175132,61.866011937459334,0.8900343642611683,0.8219931271477663,29.784523582458498,28.86197503407796,0.0,0.0,1.0,2.55812177658081,3.1502833286921184,0.5921615521113082,0.28865979381443296,0.9422680412371134
GA,13129,Gordon County,36.01423937479655,93.19825134277345,57.18401196797689,0.5945017182130584,0.8810996563573883,25.18678067525228,25.263130124409994,0.07634944915771413,0.7353951890034365,0.8529209621993127,2.41115825176239,3.4055502653121947,0.9943920135498048,0.9587628865979382,0.8082474226804124
GA,13131,Grady County,71.81278699239095,133.59316940307616,61.780382410685206,0.8865979381443299,0.822680412371134,28.134551429748537,28.079977607727052,0.0,0.0,1.0,2.486673855781555,3.262095292409261,0.7754214366277061,0.7525773195876289,0.8494845360824742
GA,13133,Greene County,51.63347625732422,111.7842010498047,60.150724792480474,0.7697594501718213,0.8460481099656357,27.778662300109865,26.64107437133789,0.0,0.0,1.0,1.846794807910919,2.5901990652084352,0.7434042572975161,0.6666666666666666,0.8666666666666667
GA,13135,Gwinnett County,30.08437798817953,85.28473307291667,55.20035508473714,0.4948453608247423,0.9010309278350516,25.025289217631023,24.878746477762856,0.0,0.0,1.0,2.176208178202311,3.007082049051921,0.8308738708496097,0.845360824742268,0.8309278350515463
GA,13137,Habersham County,13.124905077616374,62.19787127176921,49.07296619415283,0.2268041237113402,0.9546391752577319,23.161201095581056,23.362001355489095,0.20080025990803918,0.8281786941580757,0.8343642611683848,3.4107168038686115,4.596664126714071,1.1859473228454593,0.9862542955326461,0.8027491408934708
GA,13139,Hall County,23.210152180989585,74.53604087829589,51.32588869730631,0.26804123711340205,0.9463917525773196,23.958664321899413,24.130084292093912,0.17141997019449917,0.7972508591065293,0.8405498281786942,2.730588849385579,3.640662129720052,0.9100732803344727,0.9106529209621993,0.8178694158075601
GA,13141,Hancock County,53.226409149169925,113.25814641316732,60.0317372639974,0.7594501718213058,0.8481099656357388,28.31282374064127,27.133197402954103,0.0,0.0,1.0,1.6513433853785198,2.231239946683248,0.5798965613047284,0.26804123711340205,0.9463917525773196
GA,13143,Haralson County,23.747326596577963,80.56367429097493,56.81634769439697,0.584192439862543,0.8831615120274914,24.9663948059082,24.97139898935954,0.005004183451337241,0.6941580756013745,0.8611683848797251,2.3742709159851074,3.1880430936813355,0.8137721776962281,0.8178694158075601,0.836426116838488
GA,13145,Harris County,46.32635027567546,109.1205805460612,62.79423027038575,0.9415807560137457,0.8116838487972509,26.71791820526123,26.509349060058593,0.0,0.0,1.0,1.897280009587606,2.638117249806722,0.7408372402191159,0.6529209621993127,0.8694158075601375
GA,13147,Hart County,39.70391419728597,92.27156066894533,52.56764647165936,0.3539518900343643,0.9292096219931272,26.34469725290934,25.833105278015136,0.0,0.0,1.0,1.7161588748296102,2.4786137262980144,0.7624548514684042,0.7216494845360825,0.8556701030927835
GA,13149,Heard County,41.73626149495443,102.94001083374025,61.20374933878582,0.852233676975945,0.8295532646048109,26.967576599121095,26.521073468526204,0.0,0.0,1.0,2.4588151454925535,3.3526050567626955,0.893789911270142,0.8969072164948454,0.8206185567010309
GA,13151,Henry County,35.42950185139974,97.37977040608725,61.950268554687504,0.8969072164948454,0.8206185567010309,25.96328220367432,25.71735719045003,0.0,0.0,1.0,1.718713519970576,2.4035490989685058,0.6848355789979297,0.5326460481099656,0.8934707903780068
GA,13153,Houston County,66.85262285868326,128.56569493611653,61.71307207743327,0.8831615120274914,0.8233676975945017,27.6093962987264,26.944979921976724,0.0,0.0,1.0,1.5125016431013742,2.041547242800395,0.5290455996990207,0.17869415807560138,0.9642611683848797
GA,13155,Irwin County,72.43587532043458,129.71093139648437,57.27505607604979,0.5979381443298969,0.8804123711340206,28.514879035949708,27.87471211751302,0.0,0.0,1.0,1.8760959426561992,2.5843088030815125,0.7082128604253133,0.5979381443298969,0.8804123711340206
GA,13157,Jackson County,36.08658014933268,90.30292053222657,54.21634038289388,0.4536082474226804,0.9092783505154639,24.383837890625,24.379513295491535,0.0,0.0,1.0,2.087275671958923,2.872600261370341,0.785324589411418,0.7697594501718213,0.8460481099656357
GA,13159,Jasper County,47.854315694173174,108.0548538208008,60.20053812662763,0.7766323024054983,0.8446735395189003,28.20312042236328,27.06326395670573,0.0,0.0,1.0,1.9621298829714455,2.52755868434906,0.5654288013776145,0.24398625429553264,0.9512027491408934
GA,13161,Jeff Davis County,72.29266026814778,133.69346618652344,61.40080591837565,0.8694158075601375,0.8261168384879725,28.400516764322916,27.913999366760255,0.0,0.0,1.0,1.770443308353424,2.295277059078217,0.5248337507247931,0.17525773195876287,0.9649484536082474
GA,13163,Jefferson County,62.24526481628418,121.85624491373696,59.61098009745278,0.7319587628865979,0.8536082474226804,28.29153683980306,27.434700393676756,0.0,0.0,1.0,1.6965386907259623,2.3732220411300657,0.6766833504041034,0.4948453608247423,0.9010309278350516
GA,13165,Jenkins County,68.98989372253418,125.98457717895508,56.9946834564209,0.5910652920962199,0.881786941580756,28.070053354899088,26.72613951365153,0.0,0.0,1.0,1.40658065478007,2.0395788391431173,0.6329981843630472,0.3711340206185567,0.9257731958762887
GA,13167,Johnson County,67.21316947937012,124.95764821370445,57.74447873433432,0.6151202749140894,0.8769759450171821,27.21906916300456,26.275846099853517,0.0,0.0,1.0,1.178183952967326,1.6863265872001647,0.5081426342328388,0.15807560137457044,0.9683848797250859
GA,13169,Jones County,57.645565541585285,119.98602854410808,62.340463002522796,0.9175257731958762,0.8164948453608247,26.96908925374349,26.095404307047527,0.0,0.0,1.0,1.4550721069176993,1.9141570210456849,0.4590849141279856,0.08247422680412371,0.9835051546391752
GA,13171,Lamar County,43.090708033243814,106.7417724609375,63.65106442769368,0.9759450171821306,0.8048109965635739,26.28534870147705,25.634226290384927,0.0,0.0,1.0,1.6606517950693769,2.202164586385091,0.5415127913157141,0.1958762886597938,0.9608247422680413
GA,13173,Lanier County,76.87980550130209,136.4834887186686,59.60368321736652,0.7285223367697594,0.8542955326460481,27.636257489522297,27.661306444803873,0.025048955281576468,0.711340206185567,0.8577319587628865,2.12316368818283,2.7470868666966757,0.6239231785138455,0.3402061855670103,0.931958762886598
GA,13175,Laurens County,76.98034693400065,131.95522028605143,54.97487335205078,0.47766323024054985,0.90446735395189,28.056112162272136,27.082029088338217,0.0,0.0,1.0,1.460579260190328,2.065963061650594,0.6053838014602659,0.3161512027491409,0.9367697594501718
GA,13177,Lee County,72.3065086364746,131.2065439860026,58.900035349528,0.6735395189003437,0.8652920962199313,27.37744255065918,26.965717188517253,0.0,0.0,1.0,1.6700853407382965,2.410829257965088,0.7407439172267916,0.6494845360824743,0.8701030927835052
GA,13179,Liberty County,65.09857889811198,125.02616577148436,59.92758687337238,0.7560137457044673,0.8487972508591065,29.668304761250813,28.369576263427735,0.0,0.0,1.0,1.956198811531067,2.6306031545003257,0.6744043429692588,0.47766323024054985,0.90446735395189
GA,13181,Lincoln County,54.826527150472,109.83700485229492,55.01047770182292,0.4845360824742268,0.9030927835051547,28.450090599060054,27.317356681823732,0.0,0.0,1.0,1.883618366718292,2.6575615723927815,0.7739432056744895,0.7422680412371134,0.8515463917525773
GA,13183,Long County,71.90462379455566,131.38670603434244,59.48208223978678,0.7216494845360825,0.8556701030927835,28.16778341929118,27.247934277852377,0.0,0.0,1.0,1.4821136673291524,2.113162120183309,0.6310484528541567,0.36082474226804123,0.9278350515463918
GA,13185,Lowndes County,77.4346331278483,139.8992301940918,62.46459706624351,0.9243986254295533,0.8151202749140893,28.785138638814292,28.43859786987305,0.0,0.0,1.0,2.285759397347768,2.887767752011617,0.602008354663849,0.30584192439862545,0.9388316151202749
GA,13187,Lumpkin County,11.859264945983886,60.31285146077474,48.45358651479085,0.21649484536082475,0.9567010309278351,22.74072831471761,23.194723892211915,0.45399557749430386,0.9484536082474226,0.8103092783505155,3.968647837638855,5.251471996307373,1.282824158668518,0.993127147766323,0.8013745704467354
GA,13189,McDuffie County,51.80126266479492,110.12377014160155,58.322507476806635,0.6323024054982818,0.8735395189003436,27.70566069285075,26.592937151590984,0.0,0.0,1.0,1.8675374786059065,2.567405271530151,0.6998677929242447,0.5807560137457045,0.8838487972508591
GA,13191,McIntosh County,49.119938659667966,109.92448501586914,60.80454635620117,0.8178694158075601,0.836426116838488,28.76712417602539,27.729336865743,0.0,0.0,1.0,2.3549564401308696,3.0207088470458983,0.6657524069150287,0.4536082474226804,0.9092783505154639
GA,13193,Macon County,61.708170827229814,125.14190165201823,63.43373082478842,0.9621993127147767,0.8075601374570447,29.359063784281417,28.798348681132,0.0,0.0,1.0,2.0565725684165956,2.721597146987915,0.6650245785713196,0.44673539518900346,0.9106529209621993
GA,13195,Madison County,39.24476699829101,94.48475672403973,55.239989725748714,0.5017182130584192,0.8996563573883162,25.563822555541993,25.081284968058267,0.0,0.0,1.0,1.7839360078175863,2.557929265499115,0.7739932576815285,0.7457044673539519,0.8508591065292096
GA,13197,Marion County,53.417323684692384,117.00711135864258,63.58978767395019,0.9725085910652921,0.8054982817869416,27.590953826904297,27.24968382517497,0.0,0.0,1.0,2.181939872105916,2.9314385573069255,0.7494986852010097,0.6838487972508591,0.8632302405498282
GA,13199,Meriwether County,43.243171310424806,105.38350143432618,62.14033012390137,0.9037800687285223,0.8192439862542955,27.358378219604493,26.434041659037273,0.0,0.0,1.0,1.953657344977061,2.672974447409312,0.7193171024322509,0.6151202749140894,0.8769759450171821
GA,13201,Miller County,80.61361592610677,139.76731567382814,59.15369974772136,0.6941580756013745,0.8611683848797251,29.48312079111735,28.963263193766277,0.0,0.0,1.0,3.071935606002808,3.7125887870788574,0.6406531810760496,0.3917525773195876,0.9216494845360825
GA,13205,Mitchell County,76.23566233317057,137.21018346150717,60.974521128336605,0.8350515463917526,0.8329896907216494,28.117475318908692,27.726321538289387,0.0,0.0,1.0,2.3802702466646832,3.1912858724594115,0.8110156257947283,0.8075601374570447,0.8384879725085911
GA,13207,Monroe County,52.50535545349121,116.91351954142252,64.40816408793131,0.9965635738831615,0.8006872852233677,27.341727828979497,26.751651573181153,0.0,0.0,1.0,1.8477489431699117,2.3144538203875222,0.46670487721761056,0.10309278350515463,0.979381443298969
GA,13209,Montgomery County,74.79854863484701,131.47681477864583,56.67826614379882,0.5670103092783505,0.8865979381443299,29.85795103708903,29.22488994598389,0.0,0.0,1.0,2.3518433769543967,2.8540257453918456,0.5021823684374489,0.13745704467353953,0.9725085910652921
GA,13211,Morgan County,50.02244186401367,109.45230662027994,59.42986475626627,0.718213058419244,0.8563573883161512,26.734105364481607,25.7891362508138,0.0,0.0,1.0,1.7014626224835714,2.458124840259552,0.7566622177759805,0.7010309278350515,0.8597938144329897
GA,13213,Murray County,26.08835620880127,81.06333491007487,54.9749787012736,0.48109965635738833,0.9037800687285223,22.924541600545247,23.769597625732423,0.8450560251871764,1.0,0.8,2.5450037320454917,3.4772756735483807,0.9322719415028891,0.9278350515463918,0.8144329896907216
GA,13215,Muscogee County,61.630753962198895,125.4491559346517,63.818401972452804,0.9828178694158075,0.8034364261168385,27.179663149515783,26.554746882120767,0.0,0.0,1.0,1.7614094257354735,2.314338541030884,0.5529291152954103,0.21305841924398625,0.9573883161512028
GA,13217,Newton County,41.684600321451825,101.92759882609047,60.24299850463865,0.7835051546391752,0.843298969072165,27.315125211079916,26.901203028361003,0.0,0.0,1.0,2.1889163931210835,2.9567483266194663,0.7678319334983827,0.7285223367697594,0.8542955326460481
GA,13219,Oconee County,47.44086545308431,103.69562352498372,56.25475807189941,0.5532646048109966,0.8893470790378006,25.509169642130537,24.955078570048013,0.0,0.0,1.0,1.747163458665212,2.3809454798698426,0.6337820212046306,0.3745704467353952,0.925085910652921
GA,13221,Oglethorpe County,44.86394640604655,103.26639963785809,58.402453231811535,0.6391752577319587,0.8721649484536083,27.068242645263673,26.442769304911295,0.0,0.0,1.0,1.7540106892585754,2.589000984032949,0.8349902947743735,0.852233676975945,0.8295532646048109
GA,13223,Paulding County,31.20554370880127,90.38030014038084,59.17475643157957,0.697594501718213,0.8604810996563574,25.360470962524413,25.451450792948403,0.09097983042398994,0.7525773195876289,0.8494845360824742,2.4088813106218976,3.3466396649678547,0.9377583543459571,0.9415807560137457,0.8116838487972509
GA,13225,Peach County,60.32554295857747,123.4500343322754,63.12449137369792,0.9518900343642611,0.8096219931271478,27.85597063700358,27.34701353708903,0.0,0.0,1.0,1.7989633480707805,2.342953316370646,0.5439899682998657,0.19931271477663232,0.9601374570446736
GA,13227,Pickens County,15.30830036799113,58.0502431233724,42.74194275538127,0.12027491408934708,0.9759450171821306,23.891453234354653,24.396488253275553,0.5050350189208999,0.9553264604810997,0.8089347079037801,2.8750608444213865,3.947202769915263,1.0721419254938764,0.9725085910652921,0.8054982817869416
GA,13229,Pierce County,80.12437006632487,138.92091751098633,58.796547444661456,0.6597938144329897,0.8680412371134021,29.385177421569825,28.22089983622233,0.0,0.0,1.0,1.9940529108047484,2.5477592945098877,0.5537063837051392,0.21649484536082475,0.9567010309278351
GA,13231,Pike County,42.29377161661784,105.85387166341144,63.5601000467936,0.9656357388316151,0.806872852233677,26.964702733357747,26.016343752543133,0.0,0.0,1.0,1.770258688926697,2.43531018892924,0.6650515000025432,0.45017182130584193,0.9099656357388316
GA,13233,Polk County,31.893498611450195,93.2321787516276,61.3386801401774,0.8625429553264605,0.8274914089347079,25.804214731852213,25.71007188161214,0.0,0.0,1.0,2.573111828168233,3.4567315260569256,0.8836196978886925,0.8900343642611683,0.8219931271477663
GA,13235,Pulaski County,76.24696172078451,132.6322914123535,56.385329691569,0.5567010309278351,0.8886597938144329,29.010174051920572,28.510657374064127,0.0,0.0,1.0,2.0704391241073608,2.809414521853129,0.7389753977457683,0.6460481099656358,0.8707903780068729
GA,13237,Putnam County,60.57427876790364,120.76165491739908,60.18737614949544,0.7731958762886598,0.845360824742268,27.347219785054524,26.243347549438475,0.0,0.0,1.0,1.630612979332606,2.1692045529683432,0.5385915736357372,0.18900343642611683,0.9621993127147767
GA,13239,Quitman County,67.20421752929687,127.89882176717124,60.69460423787437,0.8144329896907216,0.8371134020618557,28.011505381266275,27.266279474894205,0.0,0.0,1.0,2.441513168811798,3.0316127220789593,0.5900995532671613,0.281786941580756,0.9436426116838488
GA,13241,Rabun County,4.264108395576477,36.74092464447021,32.47681624889373,0.06529209621993128,0.9869415807560138,21.110301844278972,21.466896629333498,0.3565947850545257,0.9037800687285223,0.8192439862542955,4.531497979164124,5.852668571472168,1.321170592308044,1.0,0.8
GA,13243,Randolph County,69.5423828125,130.5449417114258,61.0025588989258,0.8384879725085911,0.8323024054982817,28.28792603810628,27.64095942179362,0.0,0.0,1.0,2.4870423555374144,3.037383635838826,0.5503412803014118,0.20618556701030927,0.9587628865979382
GA,13245,Richmond County,58.85758043924967,119.5205477396647,60.66296730041503,0.8075601374570447,0.8384879725085911,27.7395393371582,26.50192159016927,0.0,0.0,1.0,1.3269985953966776,1.8930904984474184,0.5660919030507408,0.2508591065292096,0.949828178694158
GA,13247,Rockdale County,37.28684698740641,97.03775151570638,59.75090452829996,0.7422680412371134,0.8515463917525773,25.559626007080077,25.44478791554769,0.0,0.0,1.0,1.7042797366778055,2.461471482117971,0.7571917454401653,0.7044673539518901,0.8591065292096219
GA,13249,Schley County,56.47899602254232,118.98113606770832,62.502140045166,0.9278350515463918,0.8144329896907216,27.641542816162108,27.640520286560054,0.0,0.0,1.0,2.152406024932861,2.8989859859148663,0.7465799609820052,0.6804123711340206,0.8639175257731959
GA,13251,Screven County,68.15500526428222,126.41002883911132,58.255023574829096,0.6288659793814433,0.8742268041237113,27.97741266886393,26.824044036865235,0.0,0.0,1.0,1.5036218762397766,2.109031077226003,0.6054092009862262,0.31958762886597936,0.9360824742268041
GA,13253,Seminole County,81.10312067667643,142.32630055745443,61.223179880778005,0.8556701030927835,0.8288659793814432,28.374782880147297,27.714395332336423,0.0,0.0,1.0,2.82499205271403,3.5588091135025026,0.7338170607884726,0.6323024054982818,0.8735395189003436
GA,13255,Spalding County,35.28617534637451,99.13297373453776,63.84679838816324,0.9862542955326461,0.8027491408934708,26.86665267944336,26.177730814615884,0.0,0.0,1.0,2.0868997454643248,2.875318964322408,0.7884192188580834,0.7766323024054983,0.8446735395189003
GA,13257,Stephens County,31.076625442504884,91.50233840942384,60.42571296691896,0.7972508591065293,0.8405498281786942,24.611607170104985,24.785134760538735,0.17352759043374988,0.8006872852233677,0.8398625429553265,2.62590791384379,3.5903950532277427,0.9644871393839525,0.9518900343642611,0.8096219931271478
GA,13259,Stewart County,64.24030100504557,125.79216995239258,61.55186894734702,0.8762886597938144,0.8247422680412371,28.51026986440023,27.689458974202473,0.0,0.0,1.0,2.1494115432103476,2.804232172171275,0.6548206289609273,0.4329896907216495,0.9134020618556701
GA,13261,Sumter County,64.18044522603353,124.31194814046223,60.13150291442871,0.7628865979381443,0.8474226804123711,28.648288853963216,28.343647956848145,0.0,0.0,1.0,2.286496559778849,3.1068903684616087,0.8203938086827596,0.8419243986254296,0.831615120274914
GA,13263,Talbot County,50.69904123942057,113.39759928385416,62.69855804443359,0.9381443298969072,0.8123711340206186,28.063952509562174,27.616151491800945,0.0,0.0,1.0,1.9754242698351543,2.7438735127449037,0.7684492429097494,0.7319587628865979,0.8536082474226804
GA,13265,Taliaferro County,48.391488265991214,109.321120707194,60.929632441202784,0.8281786941580757,0.8343642611683848,27.38433691660563,26.22243162790934,0.0,0.0,1.0,1.74338272412618,2.435256826877594,0.6918741027514139,0.563573883161512,0.8872852233676976
GA,13267,Tattnall County,73.5531494140625,133.86470209757488,60.311552683512375,0.7903780068728522,0.8419243986254296,29.04390697479248,27.963442611694337,0.0,0.0,1.0,1.5652764360109963,2.255937107404073,0.6906606713930767,0.5532646048109966,0.8893470790378006
GA,13269,Taylor County,56.37840232849121,119.51182047526042,63.13341814676921,0.9553264604810997,0.8089347079037801,27.7767759958903,27.309841092427572,0.0,0.0,1.0,1.8722216645876568,2.506027015050252,0.6338053504625953,0.37800687285223367,0.9243986254295533
GA,13271,Telfair County,76.7364377339681,132.89033050537108,56.15389277140298,0.5429553264604811,0.8914089347079037,28.197668266296382,27.740489451090493,0.0,0.0,1.0,1.7917640487353006,2.4132644295692445,0.6215003808339439,0.3333333333333333,0.9333333333333333
GA,13273,Terrell County,67.89384129842122,128.7523946126302,60.85855331420899,0.8213058419243986,0.8357388316151203,27.79474188486735,27.141643015543615,0.0,0.0,1.0,2.122229019800822,2.7265424529711404,0.6043134331703186,0.3127147766323024,0.9374570446735395
GA,13275,Thomas County,74.32741470336914,137.256502532959,62.92908782958985,0.9484536082474226,0.8103092783505155,28.498097928365073,28.11528803507487,0.0,0.0,1.0,2.296939222017924,3.0662513335545856,0.7693121115366615,0.7353951890034365,0.8529209621993127
GA,13277,Tift County,66.05258814493816,127.40158615112304,61.348998006184885,0.865979381443299,0.8268041237113402,29.345726267496744,29.34587516784668,0.00014890034993442214,0.6907216494845361,0.8618556701030928,2.2212016105651857,2.8911412000656127,0.669939589500427,0.46735395189003437,0.9065292096219931
GA,13279,Toombs County,74.87873916625976,133.4525113423665,58.57377217610674,0.6426116838487973,0.8714776632302406,27.64607753753662,26.75392500559489,0.0,0.0,1.0,1.4861380875110626,2.0496142148971557,0.5634761273860931,0.23711340206185566,0.9525773195876288
GA,13281,Towns County,1.7771230638027191,31.55223134358724,29.775108279784522,0.044673539518900345,0.99106529209622,21.19491049448649,21.60287335713705,0.40796286265056025,0.9175257731958762,0.8164948453608247,3.0192052523295083,3.9698999643325807,0.9506947120030724,0.9450171821305842,0.8109965635738832
GA,13283,Treutlen County,74.48205693562825,129.17413711547852,54.692080179850265,0.47079037800687284,0.9058419243986254,27.333989588419595,26.53339214324951,0.0,0.0,1.0,1.378200989961624,1.8251256267229716,0.4469246367613475,0.07560137457044673,0.9848797250859107
GA,13285,Troup County,45.706186548868814,108.2716786702474,62.56549212137858,0.9312714776632303,0.813745704467354,26.68970317840576,26.471763547261556,0.0,0.0,1.0,2.275597671667734,3.004683804512024,0.7290861328442899,0.6254295532646048,0.874914089347079
GA,13287,Turner County,68.76929168701172,127.52060546875,58.75131378173829,0.6563573883161512,0.8687285223367698,28.961977259318033,28.76152820587158,0.0,0.0,1.0,1.7913323799769083,2.482073958714803,0.6907415787378945,0.5567010309278351,0.8886597938144329
GA,13289,Twiggs County,67.5504758199056,128.06075007120768,60.51027425130208,0.8041237113402062,0.8391752577319588,27.938473892211913,27.033069356282553,0.0,0.0,1.0,1.4886635522047678,1.9967746218045552,0.5081110695997875,0.15463917525773196,0.9690721649484536
GA,13291,Union County,3.1640610218048097,40.30722993214925,37.143168910344436,0.08247422680412371,0.9835051546391752,22.08650957743327,22.50179926554362,0.4152896881103523,0.9243986254295533,0.8151202749140893,3.1275012572606404,4.148446067174276,1.0209448099136353,0.9656357388316151,0.806872852233677
GA,13293,Upson County,54.86914215087891,117.3053207397461,62.436178588867186,0.9209621993127147,0.815807560137457,28.069476636250815,27.27963180541992,0.0,0.0,1.0,1.842723556359609,2.485179336865743,0.6424557805061339,0.4020618556701031,0.9195876288659793
GA,13295,Walker County,26.62314427693685,81.3103141784668,54.68716990152995,0.46735395189003437,0.9065292096219931,24.468902333577475,24.697728220621745,0.22882588704426965,0.845360824742268,0.8309278350515463,3.0868300437927245,4.1468390305837,1.0600089867909754,0.9690721649484536,0.8061855670103093
GA,13297,Walton County,40.05561771392822,96.77397130330404,56.718353589375816,0.570446735395189,0.8859106529209622,25.613179651896157,25.143416531880696,0.0,0.0,1.0,2.042114806175232,2.861273471514384,0.819158665339152,0.8384879725085911,0.8323024054982817
GA,13299,Ware County,84.32351582845052,142.54698155721027,58.22346572875975,0.6254295532646048,0.874914089347079,28.53421109517415,27.505240122477215,0.0,0.0,1.0,1.9526702841122945,2.5899661978085837,0.6372959136962892,0.38144329896907214,0.9237113402061856
GA,13301,Warren County,49.92932256062826,107.98535868326825,58.05603612263999,0.6219931271477663,0.8756013745704467,28.243161582946776,27.147031593322755,0.0,0.0,1.0,2.0927561561266583,2.7614244778951007,0.6686683217684424,0.46048109965635736,0.9079037800687285
GA,13303,Washington County,56.21041043599447,115.59320526123048,59.38279482523601,0.7147766323024055,0.8570446735395189,28.21731497446696,27.441296005249026,0.0,0.0,1.0,1.672487978140513,2.3599660913149516,0.6874781131744385,0.5429553264604811,0.8914089347079037
GA,13305,Wayne County,72.18536516825358,131.82645797729492,59.64109280904134,0.7353951890034365,0.8529209621993127,27.708629989624026,27.017122586568195,0.0,0.0,1.0,1.712132704257965,2.3347596089045206,0.6226269046465556,0.33676975945017185,0.9326460481099657
GA,13307,Webster County,62.01697057088216,123.1387720743815,61.12180150349935,0.845360824742268,0.8309278350515463,28.727504920959472,28.17008851369222,0.0,0.0,1.0,2.3300065477689107,3.1317024072011312,0.8016958594322205,0.7938144329896907,0.8412371134020619
GA,13309,Wheeler County,76.11628774007161,132.3044105529785,56.1881228129069,0.5463917525773195,0.890721649484536,29.3054713567098,28.792758623758953,0.0,0.0,1.0,2.0511749188105264,2.590018117427826,0.5388431986172995,0.19243986254295534,0.961512027491409
GA,13311,White County,10.039321025212606,54.18955268859863,44.15023166338602,0.15463917525773196,0.9690721649484536,22.570046933492023,22.933032671610516,0.36298573811849266,0.9072164948453608,0.8185567010309278,4.323508485158285,5.629540475209554,1.3060319900512694,0.9965635738831615,0.8006872852233677
GA,13313,Whitfield County,32.00167439778646,90.85627822875976,58.8546038309733,0.6701030927835051,0.865979381443299,24.22706527709961,24.573420906066893,0.34635562896728445,0.8969072164948454,0.8206185567010309,2.805856386820475,3.7274442116419473,0.9215878248214722,0.9175257731958762,0.8164948453608247
GA,13315,Wilcox County,77.22322463989258,132.42861887613932,55.20539423624675,0.49828178694158076,0.9003436426116839,28.37120704650879,28.328033383687337,0.0,0.0,1.0,1.9614332914352417,2.7200195948282877,0.758586303393046,0.7147766323024055,0.8570446735395189
GA,13317,Wilkes County,46.95509045918782,106.72600021362304,59.770909754435216,0.7457044673539519,0.8508591065292096,27.878216171264647,26.95828692118327,0.0,0.0,1.0,1.9460947871208192,2.752494144439697,0.8063993573188779,0.8006872852233677,0.8398625429553265
GA,13319,Wilkinson County,69.33763262430827,128.8444346110026,59.50680198669434,0.7250859106529209,0.8549828178694158,28.37452596028646,27.2013796488444,0.0,0.0,1.0,1.569358132282893,2.127467926343282,0.558109794060389,0.22336769759450173,0.9553264604810996
GA,13321,Worth County,69.28530082702636,130.18042551676433,60.89512468973797,0.8247422680412371,0.8350515463917526,27.19154516855876,26.918232472737632,0.0,0.0,1.0,1.5457342286904654,2.214964572588603,0.6692303438981375,0.4639175257731959,0.9072164948453608
VA,51001,Accomack County,13.578713099161783,56.07723401387533,42.498520914713545,0.11683848797250859,0.9766323024054983,23.22175261179606,23.156231753031413,0.0,0.0,1.0,1.3003524502118429,1.925892420609792,0.6255399703979492,0.3436426116838488,0.9312714776632303
VA,51003,Albemarle County,20.640704727172853,72.3390661875407,51.69836146036784,0.2852233676975945,0.9429553264604811,23.81089356740316,23.499118359883628,0.0,0.0,1.0,1.4159934123357136,2.107428280512492,0.6914348681767783,0.5601374570446735,0.8879725085910652
VA,51005,Alleghany County,6.005999803543091,44.99147402445475,38.98547422091166,0.09278350515463918,0.9814432989690721,23.24229844411214,23.6423547744751,0.4000563303629576,0.9140893470790378,0.8171821305841924,0.9150940775871276,1.4204516768455506,0.505357599258423,0.140893470790378,0.9718213058419244
VA,51007,Amelia County,29.05944913228353,81.52317072550456,52.463721593221024,0.3333333333333333,0.9333333333333333,23.916184870402017,23.831818262736004,0.0,0.0,1.0,1.4320134858290354,2.0983993808428445,0.6663858950138091,0.4570446735395189,0.9085910652920962
VA,51009,Amherst County,16.576550674438476,62.109958521525066,45.53340784708659,0.17869415807560138,0.9642611683848797,24.003495979309083,23.622415097554526,0.0,0.0,1.0,1.4616166790326437,2.2511778672536216,0.7895611882209779,0.7835051546391752,0.843298969072165
VA,51011,Appomattox County,22.787036768595375,75.34893633524577,52.561899566650396,0.35051546391752575,0.9298969072164949,24.313427861531576,24.198719469706216,0.0,0.0,1.0,1.1992613077163696,1.7792085429032645,0.5799472351868948,0.27147766323024053,0.9457044673539519
VA,51013,Arlington County,23.291953341166177,77.12321968078614,53.83126633961996,0.43127147766323026,0.9137457044673539,24.227220408121745,24.60863469441732,0.3814142862955734,0.9106529209621993,0.8178694158075601,1.3036635220050812,1.7660320897897084,0.4623685677846272,0.0859106529209622,0.9828178694158075
VA,51015,Augusta County,6.38779649734497,40.20545775095622,33.81766125361125,0.06872852233676977,0.9862542955326461,24.41856638590495,24.516323471069335,0.09775708516438542,0.7628865979381443,0.8474226804123711,1.076323433717092,1.625077283382416,0.5487538496653241,0.2027491408934708,0.9594501718213059
VA,51017,Bath County,3.2645129919052125,34.085093879699706,30.820580887794492,0.048109965635738834,0.9903780068728523,22.95923391977946,23.20705916086833,0.2478252410888686,0.8591065292096219,0.8281786941580755,0.8036174287398656,1.2982738077640534,0.4946563790241878,0.13058419243986255,0.9738831615120275
VA,51019,Bedford County,16.741791756947837,66.76916872660318,50.02737696965535,0.24054982817869416,0.9518900343642611,24.379665756225585,24.1627316792806,0.0,0.0,1.0,1.2054849882920584,1.887412393093109,0.6819274048010506,0.5120274914089347,0.8975945017182131
VA,51021,Bland County,0.5354177872339885,17.516697486241657,16.98127969900767,0.013745704467353952,0.9972508591065292,21.79965419769287,22.138767814636232,0.3391136169433615,0.8900343642611683,0.8219931271477663,0.4485987226168315,0.760187390446663,0.31158866782983147,0.013745704467353952,0.9972508591065292
VA,51023,Botetourt County,12.352752590179444,59.422614669799806,47.069862079620364,0.19931271477663232,0.9601374570446736,23.80813840230306,23.89881051381429,0.09067211151122834,0.7491408934707904,0.8501718213058419,1.173503675063451,1.745452348391215,0.5719486733277639,0.2611683848797251,0.947766323024055
VA,51025,Brunswick County,31.19815813700358,84.12480189005534,52.926643753051756,0.38144329896907214,0.9237113402061856,22.94653434753418,22.87617327372233,0.0,0.0,1.0,0.9483350177605948,1.454628833134969,0.5062938153743742,0.14776632302405499,0.970446735395189
VA,51027,Buchanan County,5.61251794497172,40.74095528920491,35.12843734423319,0.07560137457044673,0.9848797250859107,20.35869115193685,20.875366592407225,0.516675440470376,0.9621993127147767,0.8075601374570447,0.5576128800710042,0.8922156592210134,0.33460277915000924,0.024054982817869417,0.9951890034364261
VA,51029,Buckingham County,25.56041202545166,82.15688603719076,56.5964740117391,0.563573883161512,0.8872852233676976,23.892499669392905,23.707913462320963,0.0,0.0,1.0,1.2769801398118337,1.979761493206024,0.7027813533941902,0.5876288659793815,0.8824742268041237
VA,51031,Campbell County,20.535024642944336,73.12610181172688,52.59107716878255,0.35738831615120276,0.9285223367697595,24.563660176595057,24.389146614074708,0.0,0.0,1.0,1.0684313297271728,1.6518580118815105,0.5834266821543377,0.27491408934707906,0.9450171821305842
VA,51033,Caroline County,25.231641896565755,79.23353970845541,54.001897811889656,0.44329896907216493,0.911340206185567,23.417647743225096,23.369526227315266,0.0,0.0,1.0,0.9976842840512592,1.6444597482681274,0.6467754642168682,0.41237113402061853,0.9175257731958762
VA,51035,Carroll County,2.0751580874125164,26.004488627115887,23.929330539703372,0.03436426116838488,0.993127147766323,23.540275001525877,23.786143175760905,0.24586817423502794,0.8556701030927835,0.8288659793814432,1.66882666349411,2.54852987130483,0.8797032078107199,0.8865979381443299,0.822680412371134
VA,51036,Charles City County,35.7952392578125,90.87605056762696,55.080811309814464,0.49140893470790376,0.9017182130584193,22.671169662475585,22.668373807271323,0.0,0.0,1.0,1.2626364946365356,1.9386464953422544,0.6760100007057188,0.4879725085910653,0.902405498281787
VA,51037,Charlotte County,28.169246101379393,80.14289525349935,51.973649152119954,0.30584192439862545,0.9388316151202749,23.992742602030436,23.662604395548502,0.0,0.0,1.0,1.2726201017697651,2.084096435705821,0.8114763339360558,0.8109965635738832,0.8378006872852234
VA,51041,Chesterfield County,30.659940719604492,84.48398818969727,53.82404747009278,0.4261168384879725,0.9147766323024055,22.805259132385252,22.69276631673177,0.0,0.0,1.0,1.2121943672498068,1.8669456402460731,0.6547512729962663,0.4261168384879725,0.9147766323024055
VA,51043,Clarke County,15.71135196685791,63.42054761250814,47.709195645650226,0.20962199312714777,0.9580756013745705,24.356344350179036,24.2080197652181,0.0,0.0,1.0,0.9780177623033524,1.460064129034678,0.4820463667313257,0.11683848797250859,0.9766323024054983
VA,51045,Craig County,3.3997844378153483,34.45156707763672,31.05178263982137,0.05154639175257732,0.9896907216494846,23.10528055826823,23.399422899882,0.29414234161377095,0.8694158075601375,0.8261168384879725,0.9575297156969708,1.5264628728230794,0.5689331571261086,0.25773195876288657,0.9484536082474226
VA,51047,Culpeper County,22.50271841684977,75.30711682637532,52.80439840952555,0.37800687285223367,0.9243986254295533,24.529931831359864,23.94360408782959,0.0,0.0,1.0,1.1410972515741984,1.7691594362258911,0.6280621846516927,0.35051546391752575,0.9298969072164949
VA,51049,Cumberland County,29.52299912770589,86.10165379842122,56.57865467071534,0.5601374570446735,0.8879725085910652,23.632941182454427,23.452857081095377,0.0,0.0,1.0,1.2624291042486826,1.9414435982704163,0.6790144940217337,0.49828178694158076,0.9003436426116839
VA,51051,Dickenson County,3.1390092611312865,35.493557612101235,32.35454835096995,0.061855670103092786,0.9876288659793815,20.19626089731852,20.83032169342041,0.6340607961018883,0.9896907216494846,0.8020618556701031,0.5706324944893519,0.8856158037980397,0.3149833093086878,0.01718213058419244,0.9965635738831615
VA,51053,Dinwiddie County,31.794620196024574,83.81228383382161,52.017663637797035,0.3161512027491409,0.9367697594501718,23.376568539937335,23.13995272318522,0.0,0.0,1.0,1.196462607383728,1.7621406157811483,0.5656780083974204,0.24742268041237114,0.9505154639175257
VA,51057,Essex County,31.04402364095052,86.29223454793295,55.24821090698243,0.5051546391752577,0.8989690721649485,23.283687273661297,23.605619621276855,0.321932347615558,0.8865979381443299,0.822680412371134,1.1646561940511069,1.8484030842781067,0.6837468902269999,0.5154639175257731,0.8969072164948454
VA,51059,Fairfax County,22.107075691223145,76.07676569620769,53.96969000498454,0.43986254295532645,0.9120274914089347,24.04370549519857,24.211007372538248,0.16730187733967838,0.7903780068728522,0.8419243986254296,1.1334091504414876,1.5994866728782653,0.4660775224367777,0.09965635738831616,0.9800687285223367
VA,51061,Fauquier County,16.178626537322998,63.56539344787598,47.38676691055298,0.20618556701030927,0.9587628865979382,24.147593116760255,23.84323933919271,0.0,0.0,1.0,1.0460960586865744,1.557842501004537,0.5117464423179625,0.16151202749140894,0.9676975945017182
VA,51063,Floyd County,1.4712213079134624,23.299879455566405,21.82865814765294,0.024054982817869417,0.9951890034364261,23.666292826334637,23.69088459014893,0.024591763814292733,0.7079037800687286,0.8584192439862542,1.6956099669138591,2.5426495631535846,0.8470395962397255,0.8762886597938144,0.8247422680412371
VA,51065,Fluvanna County,25.22671095530192,84.06014099121094,58.83343003590902,0.6666666666666666,0.8666666666666667,24.40947259267171,23.996364466349284,0.0,0.0,1.0,1.1819786608219147,1.784529980023702,0.6025513192017873,0.30927835051546393,0.9381443298969072
VA,51067,Franklin County,16.051398022969565,68.73467432657877,52.683276303609205,0.36769759450171824,0.9264604810996564,23.788029543558757,23.398994127909344,0.0,0.0,1.0,1.2784237225850423,2.0530996799468992,0.7746759573618569,0.7491408934707904,0.8501718213058419
VA,51069,Frederick County,13.499966144561768,58.87457097371419,45.374604829152425,0.17525773195876287,0.9649484536082474,23.760017776489256,23.527946535746256,0.0,0.0,1.0,0.8509262661139171,1.268440274397532,0.41751400828361496,0.048109965635738834,0.9903780068728523
VA,51071,Giles County,1.806439503033956,23.14923089345296,21.342791390419002,0.020618556701030927,0.9958762886597938,23.070109430948893,23.548139762878417,0.47803033192952427,0.9518900343642611,0.8096219931271478,0.6504803508520126,1.0645539065202076,0.41407355566819504,0.044673539518900345,0.99106529209622
VA,51073,Gloucester County,25.37721125284831,75.76689834594727,50.389687093098956,0.24398625429553264,0.9512027491408934,22.78568312327067,22.53492825826009,0.0,0.0,1.0,1.29750208457311,2.091418178876241,0.7939160943031309,0.7903780068728522,0.8419243986254296
VA,51075,Goochland County,27.101297696431477,80.61216201782227,53.5108643213908,0.41237113402061853,0.9175257731958762,23.90867544809977,23.677797508239745,0.0,0.0,1.0,1.173793582121531,1.7712770064671834,0.5974834243456524,0.29553264604810997,0.940893470790378
VA,51077,Grayson County,0.572783546646436,13.810328102111816,13.23754455546538,0.003436426116838488,0.9993127147766323,22.39278621673584,22.60942726135254,0.21664104461670064,0.8384879725085911,0.8323024054982817,1.4183674951394398,2.12394034465154,0.7055728495121001,0.5945017182130584,0.8810996563573883
VA,51079,Greene County,11.744675795237224,53.81016120910645,42.065485413869226,0.10996563573883161,0.9780068728522336,23.64035924275716,23.060369046529136,0.0,0.0,1.0,1.5925720850626628,2.316193183263143,0.7236210982004803,0.6185567010309279,0.8762886597938144
VA,51081,Greensville County,34.5699120203654,86.41828180948893,51.84836978912353,0.2920962199312715,0.9415807560137457,23.794148445129395,23.491932678222657,0.0,0.0,1.0,1.2568580428759255,1.8555972695350649,0.5987392266591394,0.29896907216494845,0.9402061855670103
VA,51083,Halifax County,29.13109563191732,81.46931228637695,52.33821665445963,0.3230240549828179,0.9353951890034364,24.347496032714844,24.03504753112793,0.0,0.0,1.0,1.3569509903589885,2.1981619636217755,0.841210973262787,0.8625429553264605,0.8274914089347079
VA,51085,Hanover County,25.60501340230306,77.49483388264974,51.889820480346685,0.29553264604810997,0.940893470790378,23.71460183461507,23.450628916422527,0.0,0.0,1.0,1.2764793753623962,1.9403066595395408,0.6638272841771446,0.44329896907216493,0.911340206185567
VA,51087,Henrico County,30.182514699300132,83.44907251993816,53.26655782063803,0.4020618556701031,0.9195876288659793,23.527548789978027,23.455344835917156,0.0,0.0,1.0,1.3975526134173075,2.0789374232292177,0.6813848098119102,0.5085910652920962,0.8982817869415808
VA,51089,Henry County,19.6994348526001,75.19530448913574,55.49586963653564,0.5257731958762887,0.8948453608247422,23.794565773010255,23.738807741800944,0.0,0.0,1.0,1.3663178126017252,2.2127524495124815,0.8464346369107563,0.8694158075601375,0.8261168384879725
VA,51091,Highland County,0.624642726778984,13.445589303970335,12.820946577191352,0.0,1.0,21.41505540211995,21.72401580810547,0.30896040598551977,0.8762886597938144,0.8247422680412371,0.6520563463370005,1.1588378727436066,0.5067815264066061,0.15120274914089346,0.9697594501718213
VA,51093,Isle of Wight County,25.0467347462972,76.94505653381347,51.89832178751627,0.29896907216494845,0.9402061855670103,22.675242296854655,22.173900922139484,0.0,0.0,1.0,1.4340668082237245,2.1083465496699016,0.6742797414461772,0.4742268041237113,0.9051546391752577
VA,51095,James City County,29.156037712097167,82.4002119700114,53.24417425791423,0.39862542955326463,0.920274914089347,23.560513242085776,23.147095998128258,0.0,0.0,1.0,1.5458276430765787,2.416311192512512,0.8704835494359333,0.8831615120274914,0.8233676975945017
VA,51097,King and Queen County,30.585072390238444,87.34698435465495,56.761911964416505,0.5807560137457045,0.8838487972508591,23.6517053604126,23.73491071065267,0.08320535024007114,0.7422680412371134,0.8515463917525773,1.4637947758038838,2.2801838318506875,0.8163890560468037,0.8281786941580757,0.8343642611683848
VA,51099,King George County,25.848881975809732,78.5770487467448,52.72816677093506,0.3745704467353952,0.925085910652921,23.731401634216308,24.075401242574056,0.34399960835774834,0.8934707903780069,0.8213058419243986,0.7393507450819016,1.238521546125412,0.4991708010435104,0.13402061855670103,0.9731958762886598
VA,51101,King William County,30.434492556254067,87.84878514607747,57.414292589823404,0.6048109965635738,0.8790378006872852,23.547973696390788,23.723035685221355,0.17506198883056712,0.8041237113402062,0.8391752577319588,1.396874455610911,2.126634657382965,0.7297602017720541,0.6288659793814433,0.8742268041237113
VA,51103,Lancaster County,24.8767946879069,77.51829045613607,52.64149576822917,0.3642611683848797,0.9271477663230241,22.657779502868653,22.585310808817542,0.0,0.0,1.0,1.1335255304972331,1.870272409915924,0.7367468794186909,0.6426116838487973,0.8714776632302406
VA,51105,Lee County,4.332698305447896,45.3418472290039,41.009148923556005,0.09965635738831616,0.9800687285223367,20.262936083475747,20.834075291951496,0.5711392084757492,0.9725085910652921,0.8054982817869416,1.2355104307333629,1.9487652977307637,0.7132548669974008,0.6048109965635738,0.8790378006872852
VA,51107,Loudoun County,19.235980987548828,68.66144205729167,49.42546106974284,0.23367697594501718,0.9532646048109965,23.600376319885253,23.648267237345376,0.04789091746012275,0.7250859106529209,0.8549828178694158,0.9735388338565828,1.5037840088208516,0.5302451749642688,0.18213058419243985,0.963573883161512
VA,51109,Louisa County,24.22855428059896,77.47052230834962,53.24196802775066,0.3951890034364261,0.9209621993127148,23.931840578715008,23.490276590983072,0.0,0.0,1.0,1.2299682875474294,1.917114226023356,0.6871459384759266,0.5395189003436426,0.8920962199312714
VA,51111,Lunenburg County,27.000377655029297,78.98241831461588,51.98204065958659,0.30927835051546393,0.9381443298969072,23.258137448628744,23.112313524882,0.0,0.0,1.0,1.0393804331620535,1.7111374616622923,0.6717570285002388,0.47079037800687284,0.9058419243986254
VA,51113,Madison County,14.455788707733154,60.62364921569824,46.16786050796508,0.18900343642611683,0.9621993127147767,24.282599385579427,23.647257868448893,0.0,0.0,1.0,1.5888780971368155,2.3309587200482684,0.7420806229114529,0.6597938144329897,0.8680412371134021
VA,51115,Mathews County,21.17136262257894,67.55349871317546,46.38213609059652,0.19243986254295534,0.961512027491409,22.679014841715496,22.602449162801108,0.0,0.0,1.0,1.3185296078523,2.1089258511861164,0.7903962433338165,0.7869415807560137,0.8426116838487973
VA,51117,Mecklenburg County,34.30938320159912,86.8676747639974,52.55829156239828,0.3470790378006873,0.9305841924398626,24.587924194335937,24.123801040649415,0.0,0.0,1.0,1.100234979391098,1.8009211421012878,0.7006861627101899,0.584192439862543,0.8831615120274914
VA,51119,Middlesex County,27.102623875935873,80.39721946716308,53.29459559122721,0.4054982817869416,0.9189003436426116,22.956577491760253,22.850971094767253,0.0,0.0,1.0,1.2193575044473013,2.037638779481252,0.8182812750339505,0.8350515463917526,0.8329896907216494
VA,51121,Montgomery County,3.36243360042572,35.51154270172119,32.14910910129547,0.058419243986254296,0.9883161512027492,24.29873752593994,24.534299405415855,0.23556187947591312,0.852233676975945,0.8295532646048109,0.8280067433913548,1.2906149725119274,0.46260822912057253,0.08934707903780069,0.9821305841924398
VA,51125,Nelson County,17.61748676300049,63.34384218851725,45.72635542551676,0.18213058419243985,0.963573883161512,23.859932136535644,23.59298458099365,0.0,0.0,1.0,1.786448073387146,2.6310007055600484,0.8445526321729024,0.865979381443299,0.8268041237113402
VA,51127,New Kent County,32.908193270365395,88.8684481302897,55.96025485992431,0.5360824742268041,0.8927835051546391,22.92080472310384,22.963663864135743,0.04285914103190436,0.718213058419244,0.8563573883161512,1.312311774492264,2.064558128515879,0.7522463540236151,0.6907216494845361,0.8618556701030928
VA,51131,Northampton County,18.17881593704224,60.279502868652344,42.1006869316101,0.1134020618556701,0.977319587628866,23.326779556274413,23.078558095296223,0.0,0.0,1.0,1.2105112512906393,1.9535349925359091,0.7430237412452698,0.6632302405498282,0.8673539518900344
VA,51133,Northumberland County,22.711178016662597,74.22323036193848,51.512052345275876,0.27147766323024053,0.9457044673539519,22.652687899271648,22.52592042287191,0.0,0.0,1.0,1.1137279570102692,1.6783042351404829,0.5645762781302137,0.24054982817869416,0.9518900343642611
VA,51135,Nottoway County,25.9905091603597,76.54679260253906,50.55628344217936,0.24742268041237114,0.9505154639175257,24.204018592834473,23.967284965515137,0.0,0.0,1.0,1.4005805154641469,2.092846123377482,0.6922656079133354,0.5670103092783505,0.8865979381443299
VA,51137,Orange County,21.63264344533285,72.43715629577636,50.804512850443516,0.2542955326460481,0.9491408934707903,24.353676414489748,23.96917470296224,0.0,0.0,1.0,1.2531708498795828,1.928554876645406,0.6753840267658231,0.4845360824742268,0.9030927835051547
VA,51139,Page County,10.950007820129397,54.70469932556152,43.75469150543212,0.14776632302405499,0.970446735395189,24.334190622965497,24.02473691304525,0.0,0.0,1.0,1.3531015157699584,1.9859678109486896,0.6328662951787312,0.36769759450171824,0.9264604810996564
VA,51141,Patrick County,10.169632895787556,55.30712763468424,45.137494738896685,0.1718213058419244,0.9656357388316151,23.263739840189615,23.45090243021647,0.18716259002685476,0.8178694158075601,0.836426116838488,2.3493262767791747,3.5507408618927,1.2014145851135254,0.9896907216494846,0.8020618556701031
VA,51143,Pittsylvania County,22.19630781809489,73.15803972880046,50.961731910705566,0.2611683848797251,0.947766323024055,24.165464210510255,24.322756385803224,0.15729217529296946,0.7766323024054983,0.8446735395189003,1.2165785054365794,1.967336400349935,0.7507578949133555,0.6872852233676976,0.8625429553264605
VA,51145,Powhatan County,27.51483771006266,79.9795316060384,52.46469389597574,0.33676975945017185,0.9326460481099657,24.110717328389487,24.00317440032959,0.0,0.0,1.0,1.3186479310194652,1.9463815331459045,0.6277336021264392,0.3470790378006873,0.9305841924398626
VA,51147,Prince Edward County,27.54825496673584,79.53261655171713,51.984361584981286,0.3127147766323024,0.9374570446735395,23.566656176249182,23.332621320088705,0.0,0.0,1.0,1.1887710253397623,1.873218592007955,0.6844475666681926,0.5292096219931272,0.8941580756013745
VA,51149,Prince George County,37.66997350056966,92.26550649007162,54.595532989501955,0.4639175257731959,0.9072164948453608,23.07729695638021,22.94615014394124,0.0,0.0,1.0,1.3576223035653432,2.0027166604995728,0.6450943569342296,0.40893470790378006,0.9182130584192439
VA,51153,Prince William County,21.502473704020183,74.05757560729981,52.55510190327963,0.3436426116838488,0.9312714776632303,23.90636437733968,23.878133138020832,0.0,0.0,1.0,0.913196345170339,1.3552311619122823,0.44203481674194334,0.06872852233676977,0.9862542955326461
VA,51155,Pulaski County,2.560109543800354,30.911180686950683,28.351071143150328,0.041237113402061855,0.9917525773195877,24.55028069814046,24.972930653889975,0.42264995574951314,0.9278350515463918,0.8144329896907216,0.809164450565974,1.230901155869166,0.42173670530319207,0.05154639175257732,0.9896907216494846
VA,51157,Rappahannock County,15.693673801422118,65.65872319539388,49.96504939397175,0.23711340206185566,0.9525773195876288,24.0440850575765,23.514689763387043,0.0,0.0,1.0,1.4779979248841604,2.235924510161082,0.7579265852769217,0.7079037800687286,0.8584192439862542
VA,51159,Richmond County,31.27382348378499,85.14449996948242,53.87067648569743,0.436426116838488,0.9127147766323024,24.088761202494304,24.096191533406575,0.007430330912271188,0.697594501718213,0.8604810996563574,1.4238670448462167,2.120516316095988,0.6966492712497712,0.5738831615120275,0.8852233676975945
VA,51161,Roanoke County,9.888103596369426,52.68664385477702,42.79854025840759,0.12371134020618557,0.9752577319587629,23.704056040445963,23.866082445780435,0.16202640533447266,0.7869415807560137,0.8426116838487973,1.121566907564799,1.6725964744885762,0.5510295669237772,0.20962199312714777,0.9580756013745705
VA,51163,Rockbridge County,10.302694543202715,52.20763740539551,41.9049428621928,0.10652920962199312,0.9786941580756013,24.19004866282145,24.27921511332194,0.08916645050048899,0.7457044673539519,0.8508591065292096,1.3506978849569955,2.0477240403493244,0.6970261553923289,0.5773195876288659,0.8845360824742268
VA,51165,Rockingham County,8.918772331873576,46.34010836283366,37.421336030960084,0.0859106529209622,0.9828178694158075,24.5852388381958,24.678953297932942,0.09371445973714287,0.7560137457044673,0.8487972508591065,0.8204883853594462,1.288269970814387,0.46778158545494075,0.10652920962199312,0.9786941580756013
VA,51167,Russell County,2.242249135176341,33.34411233266194,31.101863197485603,0.054982817869415807,0.9890034364261169,20.57162596384684,21.021789868672688,0.4501639048258461,0.9415807560137457,0.8116838487972509,0.6270707160234451,0.8640150805314382,0.23694436450799305,0.006872852233676976,0.9986254295532646
VA,51169,Scott County,4.681923667589824,48.282362429300946,43.600438761711125,0.13745704467353953,0.9725085910652921,20.5436580657959,21.077010854085287,0.5333527882893883,0.9656357388316151,0.806872852233677,0.5878477990627289,0.903180346886317,0.3153325478235881,0.020618556701030927,0.9958762886597938
VA,51171,Shenandoah County,12.647935422261556,56.308468119303384,43.66053269704183,0.140893470790378,0.9718213058419244,24.55428638458252,24.27102928161621,0.0,0.0,1.0,0.8378682235876719,1.2171167135238647,0.37924848993619287,0.030927835051546393,0.9938144329896907
VA,51173,Smyth County,1.0789788703123728,21.854952812194824,20.77597394188245,0.01718213058419244,0.9965635738831615,20.90663859049479,21.0956205368042,0.18898194630941134,0.8213058419243986,0.8357388316151203,0.8587608774503072,1.2008424758911134,0.3420815984408062,0.027491408934707903,0.9945017182130584
VA,51175,Southampton County,32.37005469004313,83.96511993408203,51.59506524403889,0.27491408934707906,0.9450171821305842,22.425684865315755,22.15058479309082,0.0,0.0,1.0,1.1854403018951416,1.8604388157526652,0.6749985138575236,0.48109965635738833,0.9037800687285223
VA,51177,Spotsylvania County,24.56630605061849,76.37790667215982,51.81160062154133,0.28865979381443296,0.9422680412371134,23.676138814290365,23.41036796569824,0.0,0.0,1.0,1.1272075573603313,1.8152446428934732,0.6880370855331419,0.5498281786941581,0.8900343642611683
VA,51179,Stafford County,23.818035507202147,76.53030471801758,52.71226921081543,0.3711340206185567,0.9257731958762887,23.866944376627604,24.051532872517903,0.18458849589029924,0.8144329896907216,0.8371134020618557,0.9445477366447448,1.4651916364828743,0.5206438998381295,0.1718213058419244,0.9656357388316151
VA,51181,Surry County,30.18382390340169,83.28941688537597,53.10559298197428,0.3848797250859107,0.9230240549828179,22.81352710723877,22.541924222310385,0.0,0.0,1.0,1.5270741860071817,2.1742629647254943,0.6471887787183126,0.41580756013745707,0.9168384879725086
VA,51183,Sussex County,35.69814491271973,88.31865412394205,52.62050921122233,0.36082474226804123,0.9278350515463918,23.28050670623779,23.02309888203939,0.0,0.0,1.0,1.3267528613408406,1.9647024273872375,0.637949566046397,0.38831615120274915,0.9223367697594502
VA,51185,Tazewell County,0.5449943860371907,17.484408315022787,16.939413928985594,0.010309278350515464,0.9979381443298969,20.30551815032959,20.752800305684406,0.4472821553548165,0.9381443298969072,0.8123711340206186,0.5444273283084233,0.8323315898577373,0.2879042615493139,0.010309278350515464,0.9979381443298969
VA,51187,Warren County,13.58764435450236,58.20989112854003,44.62224677403767,0.16151202749140894,0.9676975945017182,24.013020579020186,23.701729329427085,0.0,0.0,1.0,1.0578952848911285,1.5357933243115742,0.47789803942044573,0.1134020618556701,0.977319587628866
VA,51191,Washington County,3.481581513086955,40.21187292734782,36.73029141426086,0.07903780068728522,0.984192439862543,20.98416322072347,21.437770907084147,0.4536076863606766,0.9450171821305842,0.8109965635738832,0.601655990878741,0.8320958415667216,0.23043985068798056,0.003436426116838488,0.9993127147766323
VA,51193,Westmoreland County,30.141931597391764,80.93275400797526,50.7908224105835,0.2508591065292096,0.949828178694158,23.772914187113443,24.021882820129395,0.24896863301595218,0.8625429553264605,0.8274914089347079,1.1021687030792235,1.7304615139961244,0.6282928109169008,0.3539518900343643,0.9292096219931272
VA,51195,Wise County,1.1103869169950484,24.466087309519448,23.3557003925244,0.030927835051546393,0.9938144329896907,19.79934329986572,20.575842412312827,0.7764991124471088,0.9965635738831615,0.8006872852233677,0.9876862565676372,1.4202486952145894,0.4325624386469522,0.058419243986254296,0.9883161512027492
VA,51197,Wythe County,1.7643111725648244,29.349960041046145,27.58564886848132,0.037800687285223365,0.9924398625429554,23.90194435119629,24.06275202433268,0.160807673136393,0.7800687285223368,0.8439862542955326,0.7000235110521317,1.0820648888746898,0.3820413778225581,0.03436426116838488,0.993127147766323
VA,51199,York County,25.06913369496663,74.08420740763346,49.015073712666826,0.22336769759450173,0.9553264604810996,23.77723814646403,23.300891240437824,0.0,0.0,1.0,1.7906817158063253,2.646483834584554,0.8558021187782285,0.8797250859106529,0.8240549828178694
VA,51510,Alexandria city,23.291953341166177,77.12321968078614,53.83126633961996,0.43127147766323026,0.9137457044673539,23.95788027445475,24.466790517171223,0.5089102427164711,0.9587628865979382,0.8082474226804124,1.1453739960988365,1.6135389983654025,0.468165002266566,0.10996563573883161,0.9780068728522336
VA,51520,Bristol city,4.746685004234314,51.44316527048747,46.696480266253154,0.1958762886597938,0.9608247422680413,21.28720703125,21.64124501546224,0.35403798421224053,0.9003436426116839,0.8199312714776632,0.4317004024982452,0.5794431606928507,0.14774275819460553,0.0,1.0
VA,51530,Buena Vista city,11.392056719462078,55.09087003072103,43.69881331125895,0.14432989690721648,0.9711340206185567,25.65345884958903,25.006041971842446,0.0,0.0,1.0,1.708901830514272,2.4671424627304077,0.7582406322161357,0.711340206185567,0.8577319587628865
VA,51540,Charlottesville city,26.29709663391113,80.43633702596028,54.13924039204915,0.45017182130584193,0.9099656357388316,24.851235389709473,24.527163887023924,0.0,0.0,1.0,1.6047166387240093,2.284704780578614,0.6799881418546045,0.5017182130584192,0.8996563573883162
VA,51550,Chesapeake city,22.337963485717772,68.36234563191732,46.02438214619955,0.18556701030927836,0.9628865979381444,21.6794740041097,21.4882287979126,0.0,0.0,1.0,1.2070212225119272,1.8909541169802349,0.6839328944683076,0.5189003436426117,0.8962199312714776
VA,51570,Colonial Heights city,38.645266723632815,94.38842290242512,55.743156178792304,0.5292096219931272,0.8941580756013745,23.43919588724772,23.306234486897782,0.0,0.0,1.0,1.4913973848025004,2.300534415245056,0.8091370304425556,0.8041237113402062,0.8391752577319588
VA,51580,Covington city,12.308213392893473,63.94483998616536,51.63662659327189,0.281786941580756,0.9436426116838488,24.32058022816976,24.94950688680013,0.6289266586303697,0.9828178694158075,0.8034364261168385,0.9394928832848868,1.4041109800338745,0.4646180967489877,0.09621993127147767,0.9807560137457044
VA,51590,Danville city,34.836238924662275,88.44548187255859,53.60924294789631,0.41924398625429554,0.9161512027491409,24.58790601094564,24.63248672485351,0.04458071390786955,0.7216494845360825,0.8556701030927835,1.4461150864760082,2.133858823776245,0.6877437373002369,0.5463917525773195,0.890721649484536
VA,51595,Emporia city,35.86071675618489,86.71758728027343,50.85687052408854,0.25773195876288657,0.9484536082474226,26.07569586435954,25.569891993204752,0.0,0.0,1.0,1.8843509435653687,2.5389339566230773,0.6545830130577086,0.422680412371134,0.9154639175257732
VA,51600,Fairfax city,20.86354007720947,74.66136995951335,53.79782988230388,0.422680412371134,0.9154639175257732,25.081931432088215,24.979499053955077,0.0,0.0,1.0,1.3498045782248178,1.855327014128367,0.5055224359035493,0.14432989690721648,0.9711340206185567
VA,51610,Falls Church city,23.209536679585774,76.58299369812012,53.373457018534346,0.40893470790378006,0.9182130584192439,24.210324796040855,24.624523417154947,0.41419862111409245,0.9209621993127147,0.815807560137457,1.3907873928546906,1.878917145729065,0.48812975287437443,0.12371134020618557,0.9752577319587629
VA,51620,Franklin city,28.82916316986084,81.23605054219564,52.4068873723348,0.32646048109965636,0.9347079037800687,21.88901844024658,21.290239016215008,0.0,0.0,1.0,1.192234671115875,1.780447640021642,0.5882129689057669,0.27835051546391754,0.9443298969072165
VA,51630,Fredericksburg city,30.13529001871745,82.55407969156902,52.41878967285157,0.32989690721649484,0.934020618556701,25.565161832173665,25.57602462768555,0.010862795511883405,0.7010309278350515,0.8597938144329897,1.295413221915563,1.9985281546910605,0.7031149327754975,0.5910652920962199,0.881786941580756
VA,51640,Galax city,1.387273340423902,24.02080332438151,22.633529983957608,0.027491408934707903,0.9945017182130584,24.722470792134605,25.300087292989097,0.5776165008544929,0.9759450171821306,0.8048109965635739,1.7893685619036357,2.715632132689158,0.9262635707855225,0.9243986254295533,0.8151202749140893
VA,51650,Hampton city,21.40859915415446,64.4061678568522,42.99756870269775,0.13058419243986255,0.9738831615120275,24.514249420166017,24.022589937845865,0.0,0.0,1.0,2.010429386297862,2.8280643860499066,0.8176349997520447,0.8316151202749141,0.8336769759450171
VA,51660,Harrisonburg city,15.3845734278361,59.297660446166994,43.91308701833089,0.15120274914089346,0.9697594501718213,26.837286313374836,27.15227680206299,0.31499048868815294,0.8831615120274914,0.8233676975945017,0.7297961046298345,1.1730436623096463,0.44324755767981183,0.07216494845360824,0.9855670103092784
VA,51670,Hopewell city,44.48429985046387,98.87918650309244,54.39488665262857,0.4570446735395189,0.9085910652920962,24.86641044616699,24.672376505533855,0.0,0.0,1.0,1.906164228916168,2.6951929410298665,0.7890287121136985,0.7800687285223368,0.8439862542955326
VA,51678,Lexington city,18.207386843363444,67.40363744099935,49.1962505976359,0.23024054982817868,0.9539518900343642,25.809236653645833,26.106516901652014,0.2972802480061816,0.872852233676976,0.8254295532646048,1.2139646371205648,1.701116810242335,0.4871521731217703,0.12027491408934708,0.9759450171821306
VA,51680,Lynchburg city,19.150407854715983,71.68386281331381,52.53345495859783,0.3402061855670103,0.931958762886598,24.074676577250163,24.12927188873291,0.05459531148274621,0.7285223367697594,0.8542955326460481,0.8783556630214056,1.410471099615097,0.5321154365936915,0.18556701030927836,0.9628865979381444
VA,51683,Manassas city,26.37443313598633,79.53473688761393,53.1603037516276,0.3900343642611684,0.9219931271477664,24.586421140034993,24.553937339782713,0.0,0.0,1.0,0.9234141687552134,1.3645748714605967,0.4411607027053833,0.06529209621993128,0.9869415807560138
VA,51685,Manassas Park city,26.37443313598633,79.53473688761393,53.1603037516276,0.3900343642611684,0.9219931271477664,24.591217231750488,24.41448230743408,0.0,0.0,1.0,1.0293705463409424,1.480257648229599,0.45088710188865666,0.07903780068728522,0.984192439862543
VA,51690,Martinsville city,23.296376609802245,78.56444002787272,55.268063418070476,0.5085910652920962,0.8982817869415808,25.37222735087077,25.555759239196775,0.1835318883260051,0.8109965635738832,0.8378006872852234,1.5759665668010712,2.537722945213318,0.9617563784122467,0.9484536082474226,0.8103092783505155
VA,51700,Newport News city,24.21282450358073,71.59424896240235,47.38142445882161,0.2027491408934708,0.9594501718213059,23.829297065734863,23.310031382242837,0.0,0.0,1.0,1.7959129691123965,2.610873023668925,0.8149600545565283,0.8213058419243986,0.8357388316151203
VA,51710,Norfolk city,23.37086124420166,66.24932403564453,42.87846279144287,0.12714776632302405,0.9745704467353952,23.503363800048827,23.526964314778645,0.023600514729817945,0.7044673539518901,0.8591065292096219,1.900287918249766,2.634459841251373,0.734171923001607,0.6357388316151202,0.872852233676976
VA,51720,Norton city,0.3184066669394572,14.919193331400551,14.600786664461094,0.006872852233676976,0.9986254295532646,19.575008646647134,20.204053942362467,0.6290452957153327,0.9862542955326461,0.8027491408934708,1.3888102412223815,1.956862449645996,0.5680522084236146,0.2542955326460481,0.9491408934707903
VA,51730,Petersburg city,36.85441354115804,92.2200533548991,55.365639813741055,0.5189003436426117,0.8962199312714776,23.668594296773275,23.523714192708333,0.0,0.0,1.0,1.6672380487124123,2.4127020835876465,0.7454640348752342,0.6769759450171822,0.8646048109965636
VA,51735,Poquoson city,20.769597721099853,64.27718556722006,43.5075878461202,0.13402061855670103,0.9731958762886598,24.14707310994466,23.827517700195312,0.0,0.0,1.0,1.9923689683278405,2.896800486246745,0.9044315179189044,0.9037800687285223,0.8192439862542955
VA,51740,Portsmouth city,22.743598429361978,67.52608985900879,44.78249142964681,0.16494845360824742,0.9670103092783505,23.03227119445801,22.983618418375652,0.0,0.0,1.0,1.6266393105189003,2.371723993619283,0.7450846831003828,0.6735395189003437,0.8652920962199313
VA,51750,Radford city,3.3588300148646035,37.81086330413818,34.45203328927358,0.07216494845360824,0.9855670103092784,24.630284690856932,24.94288953145345,0.31260484059651716,0.8797250859106529,0.8240549828178694,0.6837561691800753,1.0699582437674204,0.3862020745873451,0.037800687285223365,0.9924398625429554
VA,51760,Richmond city,30.38526859283447,83.96404622395833,53.57877763112386,0.41580756013745707,0.9168384879725086,22.695354652404784,22.59879519144694,0.0,0.0,1.0,1.1857401351133985,1.8701859831809995,0.684445848067601,0.5257731958762887,0.8948453608247422
VA,51770,Roanoke city,22.97145347595215,78.71796023050943,55.74650675455729,0.5326460481099656,0.8934707903780068,24.54803835550944,24.64214808146159,0.09410972595214773,0.7594501718213058,0.8481099656357388,1.2835938553015391,1.8025748093922933,0.5189809540907542,0.16838487972508592,0.9663230240549828
VA,51775,Salem city,20.404090245564777,75.68641993204753,55.282329686482754,0.5120274914089347,0.8975945017182131,23.54284744262695,23.968445587158204,0.42559814453125355,0.9312714776632303,0.813745704467354,0.9242952545483908,1.3169258177280423,0.3926305631796515,0.041237113402061855,0.9917525773195877
VA,51790,Staunton city,11.168731768925984,55.41896006266276,44.25022829373678,0.15807560137457044,0.9683848797250859,26.965928840637208,27.047730509440104,0.08180166880289619,0.738831615120275,0.852233676975945,1.1166009505589802,1.5520111978054048,0.4354102472464245,0.061855670103092786,0.9876288659793815
VA,51800,Suffolk city,24.930801836649575,76.21850789388021,51.287706057230636,0.2646048109965636,0.9470790378006873,22.59023234049479,22.087125142415363,0.0,0.0,1.0,1.4786139190196992,2.162597930431366,0.6839840114116669,0.5223367697594502,0.8955326460481099
VA,51810,Virginia Beach city,21.20953070322673,59.69014256795247,38.480611864725745,0.08934707903780069,0.9821305841924398,23.576469548543297,23.39883321126302,0.0,0.0,1.0,1.5472302675247191,2.301656154791514,0.754425887266795,0.697594501718213,0.8604810996563574
VA,51820,Waynesboro city,12.169993241628012,57.27778701782226,45.10779377619425,0.16838487972508592,0.9663230240549828,25.199342409769695,24.799298795064292,0.0,0.0,1.0,1.4233674108982086,2.0244364937146506,0.601069082816442,0.3024054982817869,0.9395189003436426
VA,51830,Williamsburg city,27.610490163167317,79.21323026021322,51.60274009704591,0.27835051546391754,0.9443298969072165,24.78117643992106,23.986572329203288,0.0,0.0,1.0,2.032348895072937,2.9497153600056967,0.9173664649327598,0.9140893470790378,0.8171821305841924
VA,51840,Winchester city,16.20895004272461,65.10290705362955,48.89395701090494,0.21993127147766323,0.9560137457044674,25.00979200998942,24.608753712972007,0.0,0.0,1.0,1.031163184841474,1.4954586704572042,0.4642954856157302,0.09278350515463918,0.9814432989690721
