GEOID,CountyName,StateAbbr,HISTORIC_MEAN_CONSECDD,RCP85MID_MEAN_CONSECDD,HISTORIC_MEAN_PR2IN,RCP85MID_MEAN_PR2IN,HISTORIC_MEAN_TMAX90F,RCP85MID_MEAN_TMAX90F
13001,Appling County,GA,28.470523071289065,27.778220558166502,1.5463198701540628,2.119139226277669,73.06198755900066,135.27695337931314
13003,Atkinson County,GA,28.191326332092284,27.253495279947916,1.668237046400706,2.3000063061714173,77.72325922648112,136.86759236653646
13005,Bacon County,GA,29.48698094685873,28.345988909403484,1.950029997030894,2.3814727544784544,72.69285265604655,137.10081939697267
13007,Baker County,GA,27.280480575561523,26.921084785461424,2.257281259695689,3.0224610726038614,77.34104690551757,138.51538569132487
13009,Baldwin County,GA,28.675280380249024,27.464119084676103,1.8100515484809876,2.4527069767316183,60.71126314798991,120.06065063476562
13011,Banks County,GA,24.886019134521483,25.068916829427085,2.560631740093231,3.4963168064753214,29.498154894510904,84.36523513793945
13013,Barrow County,GA,25.396831385294597,25.11993039449056,2.246036946773529,3.134891692797343,37.97758922576904,93.01049779256184
13015,Bartow County,GA,25.0336763381958,25.239181900024413,2.3115080992380777,3.2145020325978595,33.63199570973714,92.57629776000977
13017,Ben Hill County,GA,28.984328842163087,28.628740628560383,2.096214524904887,2.8834661841392517,76.84320907592773,132.18360112508137
13019,Berrien County,GA,28.99390392303467,28.52731196085612,2.3453472812970477,3.1305617968241375,73.7176394144694,132.98662134806315
13021,Bibb County,GA,27.96610730489095,27.14950663248698,1.650450579325358,2.1445342659950257,64.28104489644369,126.51992975870768
13023,Bleckley County,GA,27.79104798634847,26.645705540974937,1.4521503428618112,2.0945242245992026,71.67978439331054,129.29264704386392
13025,Brantley County,GA,28.563494809468587,27.691448911031088,1.9084481000900269,2.536953318119049,71.54732411702474,131.47435887654623
13027,Brooks County,GA,28.72122376759847,28.882086817423502,2.4152113159497577,3.251435089111328,76.85538431803386,139.1545608520508
13029,Bryan County,GA,28.5066525777181,27.44651877085368,1.640477979183197,2.2306304971377053,63.68989957173665,123.91537170410156
13031,Bulloch County,GA,28.522290484110513,27.394498761494955,1.5798263907432557,2.188020658493042,67.07814801534018,125.74833246866862
13033,Burke County,GA,28.09194679260254,27.0800240834554,1.3127688348293305,1.9059108257293704,62.03187840779622,121.6779780069987
13035,Butts County,GA,26.26882158915202,25.52818908691406,1.6775301396846771,2.189280716578166,43.91316528320313,105.8595443725586
13037,Calhoun County,GA,28.20477714538574,27.49479103088379,2.634709624449412,3.275366433461507,70.01010271708171,134.34125086466472
13039,Camden County,GA,28.04384199778239,27.01433302561442,2.280482014020284,2.996045684814453,53.16195564270019,117.72702153523764
13043,Candler County,GA,28.63040828704834,27.49029966990153,1.581698767344157,2.297434091567993,74.20559056599934,131.54922103881836
13045,Carroll County,GA,25.98635698954264,25.973237164815263,2.4594022274017333,3.29422918955485,27.73567174275716,84.68417421976726
13047,Catoosa County,GA,24.516779963175455,24.685243479410808,2.4873096227645872,3.333868916829427,30.63939514160156,91.89150568644206
13049,Charlton County,GA,29.193887265523276,27.82868398030599,2.250925624370575,2.995695169766744,85.41323394775391,144.50726572672525
13051,Chatham County,GA,29.300280062357583,28.531676864624025,2.171003456910451,2.7825373888015745,54.37187207539876,114.73692677815755
13053,Chattahoochee County,GA,26.671845308939616,26.240555636088057,1.5487950762112936,2.110696252187093,61.17493120829264,124.90928624471027
13055,Chattooga County,GA,25.73672192891439,25.933103879292805,2.8094278653462728,3.7931556940078734,32.2814640045166,89.71797892252604
13057,Cherokee County,GA,24.752534993489583,24.905790328979492,2.5752543210983276,3.508256475130717,25.476819610595705,80.96353251139323
13059,Clarke County,GA,25.72089188893636,25.42467581431071,1.780855949719747,2.4671440919240317,44.86087659200032,101.61660410563152
13061,Clay County,GA,27.403356806437177,27.0568328221639,2.776077469189962,3.3306921164194745,67.52021764119466,130.33795344034831
13063,Clayton County,GA,26.313142840067545,26.35179748535156,1.7890431801478068,2.465583956241608,32.648726081848146,93.08873494466144
13065,Clinch County,GA,28.809592501322427,28.03154182434082,2.264643891652425,3.0064720074335733,80.03414840698242,139.12573750813803
13067,Cobb County,GA,24.930557759602863,25.36630783081055,2.0268401741981505,2.8064200321833295,32.11747252146403,91.91028289794922
13069,Coffee County,GA,29.04974276224772,28.00184377034505,1.774291197458903,2.411666770776113,77.47298126220703,136.3054532368978
13071,Colquitt County,GA,27.845187695821128,27.775194549560545,2.1717480421066284,2.9545106728871664,73.61512285868326,135.74497985839844
13073,Columbia County,GA,28.28351707458496,26.91476764678955,1.752287173271179,2.407089376449585,57.015149688720705,113.16903686523438
13075,Cook County,GA,27.203358713785807,27.481228383382163,2.3288065433502196,3.144117983182271,73.77168769836426,134.82861785888673
13077,Coweta County,GA,25.812276077270507,25.807568232218426,1.871761441230774,2.6769364277521768,36.913720703125,97.86977971394856
13079,Crawford County,GA,26.912523969014487,26.544020716349284,1.5313410063584645,2.0902339458465575,59.046179580688474,122.44547500610352
13081,Crisp County,GA,29.884411430358888,29.483360036214194,2.02861324151357,2.809260598818461,78.02267990112304,134.2742940266927
13083,Dade County,GA,23.43025671641032,23.50344155629476,3.012295683224996,4.089783477783203,19.0670134862264,71.13173421223958
13085,Dawson County,GA,23.473460388183593,24.031328201293945,3.4353657881418864,4.544886859258016,16.084179083506267,63.80239435831706
13087,Decatur County,GA,27.83564484914144,27.62090962727865,2.6839164018630983,3.4972644567489626,77.88280995686848,140.4747922261556
13089,DeKalb County,GA,24.654318300882977,24.88931573232015,1.4923913876215618,2.1487717032432556,31.47008934020996,91.60751088460286
13091,Dodge County,GA,28.88437207539876,28.3719482421875,2.029737881819407,2.802743411064148,76.10488306681314,130.1643094380697
13093,Dooly County,GA,28.36130886077881,28.06286366780599,1.7809226433436076,2.4612163941065472,73.29885711669922,131.99266510009767
13095,Dougherty County,GA,27.688678359985353,27.292319107055665,1.9561679045359293,2.692453118165334,76.10166625976562,135.1539733886719
13097,Douglas County,GA,25.31509081522624,25.443455568949386,2.0054380853970843,2.7143392006556195,30.84349708557129,90.0888287862142
13099,Early County,GA,27.290827560424805,26.767730458577475,2.618037764231364,3.3452245394388833,74.15402259826661,137.72178497314454
13101,Echols County,GA,28.033735593159992,27.18241697947184,2.0608024994532266,2.7173046271006265,80.1769276936849,141.6693244934082
13103,Effingham County,GA,27.832641283671062,26.930091222127277,1.5253334482510883,2.131902384757995,62.613263575236,123.2931292215983
13105,Elbert County,GA,27.6142204284668,27.0619202931722,1.8710462729136148,2.808351182937622,40.93811111450195,95.33400166829428
13107,Emanuel County,GA,28.050941022237144,27.094094848632817,1.4699912269910176,2.0317563017209372,71.30938873291015,128.04259541829427
13109,Evans County,GA,29.19488302866618,28.097925885518393,1.4507077614466348,2.2037185430526733,71.0933671315511,129.83709487915038
13111,Fannin County,GA,21.060774930318196,21.666394805908205,2.703165396054586,3.626927208900452,6.025788577397664,47.21127891540527
13113,Fayette County,GA,25.329220072428384,25.304574139912923,1.5500411947568258,2.200349791844686,33.77586994171143,95.46259053548177
13115,Floyd County,GA,24.72544606526693,24.85942211151123,2.1773881475130716,3.0167372862497968,35.526956176757814,95.82790247599284
13117,Forsyth County,GA,24.574616940816245,24.776881154378255,2.6969542940457663,3.791985193888346,22.745748202006023,74.65430043538412
13119,Franklin County,GA,25.491841570536295,25.271756744384767,2.0361122727394103,2.9449738264083862,35.5015308380127,93.4729715983073
13121,Fulton County,GA,24.940361722310385,25.158426602681477,1.762756637732188,2.4573390603065492,30.74096450805664,90.01644465128581
13123,Gilmer County,GA,22.15162181854248,22.829451052347817,3.064856847127279,4.068344298998515,9.143349313735962,49.253706487019855
13125,Glascock County,GA,29.376919492085776,28.37840512593587,2.1212709029515584,2.8800380071004232,53.35528132120768,111.7459821065267
13127,Glynn County,GA,29.784523582458498,28.86197503407796,2.55812177658081,3.1502833286921184,50.03989677429199,111.90590871175132
13129,Gordon County,GA,25.18678067525228,25.263130124409994,2.41115825176239,3.4055502653121947,36.01423937479655,93.19825134277345
13131,Grady County,GA,28.134551429748537,28.079977607727052,2.486673855781555,3.262095292409261,71.81278699239095,133.59316940307616
13133,Greene County,GA,27.778662300109865,26.64107437133789,1.846794807910919,2.5901990652084352,51.63347625732422,111.7842010498047
13135,Gwinnett County,GA,25.025289217631023,24.878746477762856,2.176208178202311,3.007082049051921,30.08437798817953,85.28473307291667
13137,Habersham County,GA,23.161201095581056,23.362001355489095,3.4107168038686115,4.596664126714071,13.124905077616374,62.19787127176921
13139,Hall County,GA,23.958664321899413,24.130084292093912,2.730588849385579,3.640662129720052,23.210152180989585,74.53604087829589
13141,Hancock County,GA,28.31282374064127,27.133197402954103,1.6513433853785198,2.231239946683248,53.226409149169925,113.25814641316732
13143,Haralson County,GA,24.9663948059082,24.97139898935954,2.3742709159851074,3.1880430936813355,23.747326596577963,80.56367429097493
13145,Harris County,GA,26.71791820526123,26.509349060058593,1.897280009587606,2.638117249806722,46.32635027567546,109.1205805460612
13147,Hart County,GA,26.34469725290934,25.833105278015136,1.7161588748296102,2.4786137262980144,39.70391419728597,92.27156066894533
13149,Heard County,GA,26.967576599121095,26.521073468526204,2.4588151454925535,3.3526050567626955,41.73626149495443,102.94001083374025
13151,Henry County,GA,25.96328220367432,25.71735719045003,1.718713519970576,2.4035490989685058,35.42950185139974,97.37977040608725
13153,Houston County,GA,27.6093962987264,26.944979921976724,1.5125016431013742,2.041547242800395,66.85262285868326,128.56569493611653
13155,Irwin County,GA,28.514879035949708,27.87471211751302,1.8760959426561992,2.5843088030815125,72.43587532043458,129.71093139648437
13157,Jackson County,GA,24.383837890625,24.379513295491535,2.087275671958923,2.872600261370341,36.08658014933268,90.30292053222657
13159,Jasper County,GA,28.20312042236328,27.06326395670573,1.9621298829714455,2.52755868434906,47.854315694173174,108.0548538208008
13161,Jeff Davis County,GA,28.400516764322916,27.913999366760255,1.770443308353424,2.295277059078217,72.29266026814778,133.69346618652344
13163,Jefferson County,GA,28.29153683980306,27.434700393676756,1.6965386907259623,2.3732220411300657,62.24526481628418,121.85624491373696
13165,Jenkins County,GA,28.070053354899088,26.72613951365153,1.40658065478007,2.0395788391431173,68.98989372253418,125.98457717895508
13167,Johnson County,GA,27.21906916300456,26.275846099853517,1.178183952967326,1.6863265872001647,67.21316947937012,124.95764821370445
13169,Jones County,GA,26.96908925374349,26.095404307047527,1.4550721069176993,1.9141570210456849,57.645565541585285,119.98602854410808
13171,Lamar County,GA,26.28534870147705,25.634226290384927,1.6606517950693769,2.202164586385091,43.090708033243814,106.7417724609375
13173,Lanier County,GA,27.636257489522297,27.661306444803873,2.12316368818283,2.7470868666966757,76.87980550130209,136.4834887186686
13175,Laurens County,GA,28.056112162272136,27.082029088338217,1.460579260190328,2.065963061650594,76.98034693400065,131.95522028605143
13177,Lee County,GA,27.37744255065918,26.965717188517253,1.6700853407382965,2.410829257965088,72.3065086364746,131.2065439860026
13179,Liberty County,GA,29.668304761250813,28.369576263427735,1.956198811531067,2.6306031545003257,65.09857889811198,125.02616577148436
13181,Lincoln County,GA,28.450090599060054,27.317356681823732,1.883618366718292,2.6575615723927815,54.826527150472,109.83700485229492
13183,Long County,GA,28.16778341929118,27.247934277852377,1.4821136673291524,2.113162120183309,71.90462379455566,131.38670603434244
13185,Lowndes County,GA,28.785138638814292,28.43859786987305,2.285759397347768,2.887767752011617,77.4346331278483,139.8992301940918
13187,Lumpkin County,GA,22.74072831471761,23.194723892211915,3.968647837638855,5.251471996307373,11.859264945983886,60.31285146077474
13189,McDuffie County,GA,27.70566069285075,26.592937151590984,1.8675374786059065,2.567405271530151,51.80126266479492,110.12377014160155
13191,McIntosh County,GA,28.76712417602539,27.729336865743,2.3549564401308696,3.0207088470458983,49.119938659667966,109.92448501586914
13193,Macon County,GA,29.359063784281417,28.798348681132,2.0565725684165956,2.721597146987915,61.708170827229814,125.14190165201823
13195,Madison County,GA,25.563822555541993,25.081284968058267,1.7839360078175863,2.557929265499115,39.24476699829101,94.48475672403973
13197,Marion County,GA,27.590953826904297,27.24968382517497,2.181939872105916,2.9314385573069255,53.417323684692384,117.00711135864258
13199,Meriwether County,GA,27.358378219604493,26.434041659037273,1.953657344977061,2.672974447409312,43.243171310424806,105.38350143432618
13201,Miller County,GA,29.48312079111735,28.963263193766277,3.071935606002808,3.7125887870788574,80.61361592610677,139.76731567382814
13205,Mitchell County,GA,28.117475318908692,27.726321538289387,2.3802702466646832,3.1912858724594115,76.23566233317057,137.21018346150717
13207,Monroe County,GA,27.341727828979497,26.751651573181153,1.8477489431699117,2.3144538203875222,52.50535545349121,116.91351954142252
13209,Montgomery County,GA,29.85795103708903,29.22488994598389,2.3518433769543967,2.8540257453918456,74.79854863484701,131.47681477864583
13211,Morgan County,GA,26.734105364481607,25.7891362508138,1.7014626224835714,2.458124840259552,50.02244186401367,109.45230662027994
13213,Murray County,GA,22.924541600545247,23.769597625732423,2.5450037320454917,3.4772756735483807,26.08835620880127,81.06333491007487
13215,Muscogee County,GA,27.179663149515783,26.554746882120767,1.7614094257354735,2.314338541030884,61.630753962198895,125.4491559346517
13217,Newton County,GA,27.315125211079916,26.901203028361003,2.1889163931210835,2.9567483266194663,41.684600321451825,101.92759882609047
13219,Oconee County,GA,25.509169642130537,24.955078570048013,1.747163458665212,2.3809454798698426,47.44086545308431,103.69562352498372
13221,Oglethorpe County,GA,27.068242645263673,26.442769304911295,1.7540106892585754,2.589000984032949,44.86394640604655,103.26639963785809
13223,Paulding County,GA,25.360470962524413,25.451450792948403,2.4088813106218976,3.3466396649678547,31.20554370880127,90.38030014038084
13225,Peach County,GA,27.85597063700358,27.34701353708903,1.7989633480707805,2.342953316370646,60.32554295857747,123.4500343322754
13227,Pickens County,GA,23.891453234354653,24.396488253275553,2.8750608444213865,3.947202769915263,15.30830036799113,58.0502431233724
13229,Pierce County,GA,29.385177421569825,28.22089983622233,1.9940529108047484,2.5477592945098877,80.12437006632487,138.92091751098633
13231,Pike County,GA,26.964702733357747,26.016343752543133,1.770258688926697,2.43531018892924,42.29377161661784,105.85387166341144
13233,Polk County,GA,25.804214731852213,25.71007188161214,2.573111828168233,3.4567315260569256,31.893498611450195,93.2321787516276
13235,Pulaski County,GA,29.010174051920572,28.510657374064127,2.0704391241073608,2.809414521853129,76.24696172078451,132.6322914123535
13237,Putnam County,GA,27.347219785054524,26.243347549438475,1.630612979332606,2.1692045529683432,60.57427876790364,120.76165491739908
13239,Quitman County,GA,28.011505381266275,27.266279474894205,2.441513168811798,3.0316127220789593,67.20421752929687,127.89882176717124
13241,Rabun County,GA,21.110301844278972,21.466896629333498,4.531497979164124,5.852668571472168,4.264108395576477,36.74092464447021
13243,Randolph County,GA,28.28792603810628,27.64095942179362,2.4870423555374144,3.037383635838826,69.5423828125,130.5449417114258
13245,Richmond County,GA,27.7395393371582,26.50192159016927,1.3269985953966776,1.8930904984474184,58.85758043924967,119.5205477396647
13247,Rockdale County,GA,25.559626007080077,25.44478791554769,1.7042797366778055,2.461471482117971,37.28684698740641,97.03775151570638
13249,Schley County,GA,27.641542816162108,27.640520286560054,2.152406024932861,2.8989859859148663,56.47899602254232,118.98113606770832
13251,Screven County,GA,27.97741266886393,26.824044036865235,1.5036218762397766,2.109031077226003,68.15500526428222,126.41002883911132
13253,Seminole County,GA,28.374782880147297,27.714395332336423,2.82499205271403,3.5588091135025026,81.10312067667643,142.32630055745443
13255,Spalding County,GA,26.86665267944336,26.177730814615884,2.0868997454643248,2.875318964322408,35.28617534637451,99.13297373453776
13257,Stephens County,GA,24.611607170104985,24.785134760538735,2.62590791384379,3.5903950532277427,31.076625442504884,91.50233840942384
13259,Stewart County,GA,28.51026986440023,27.689458974202473,2.1494115432103476,2.804232172171275,64.24030100504557,125.79216995239258
13261,Sumter County,GA,28.648288853963216,28.343647956848145,2.286496559778849,3.1068903684616087,64.18044522603353,124.31194814046223
13263,Talbot County,GA,28.063952509562174,27.616151491800945,1.9754242698351543,2.7438735127449037,50.69904123942057,113.39759928385416
13265,Taliaferro County,GA,27.38433691660563,26.22243162790934,1.74338272412618,2.435256826877594,48.391488265991214,109.321120707194
13267,Tattnall County,GA,29.04390697479248,27.963442611694337,1.5652764360109963,2.255937107404073,73.5531494140625,133.86470209757488
13269,Taylor County,GA,27.7767759958903,27.309841092427572,1.8722216645876568,2.506027015050252,56.37840232849121,119.51182047526042
13271,Telfair County,GA,28.197668266296382,27.740489451090493,1.7917640487353006,2.4132644295692445,76.7364377339681,132.89033050537108
13273,Terrell County,GA,27.79474188486735,27.141643015543615,2.122229019800822,2.7265424529711404,67.89384129842122,128.7523946126302
13275,Thomas County,GA,28.498097928365073,28.11528803507487,2.296939222017924,3.0662513335545856,74.32741470336914,137.256502532959
13277,Tift County,GA,29.345726267496744,29.34587516784668,2.2212016105651857,2.8911412000656127,66.05258814493816,127.40158615112304
13279,Toombs County,GA,27.64607753753662,26.75392500559489,1.4861380875110626,2.0496142148971557,74.87873916625976,133.4525113423665
13281,Towns County,GA,21.19491049448649,21.60287335713705,3.0192052523295083,3.9698999643325807,1.7771230638027191,31.55223134358724
13283,Treutlen County,GA,27.333989588419595,26.53339214324951,1.378200989961624,1.8251256267229716,74.48205693562825,129.17413711547852
13285,Troup County,GA,26.68970317840576,26.471763547261556,2.275597671667734,3.004683804512024,45.706186548868814,108.2716786702474
13287,Turner County,GA,28.961977259318033,28.76152820587158,1.7913323799769083,2.482073958714803,68.76929168701172,127.52060546875
13289,Twiggs County,GA,27.938473892211913,27.033069356282553,1.4886635522047678,1.9967746218045552,67.5504758199056,128.06075007120768
13291,Union County,GA,22.08650957743327,22.50179926554362,3.1275012572606404,4.148446067174276,3.1640610218048097,40.30722993214925
13293,Upson County,GA,28.069476636250815,27.27963180541992,1.842723556359609,2.485179336865743,54.86914215087891,117.3053207397461
13295,Walker County,GA,24.468902333577475,24.697728220621745,3.0868300437927245,4.1468390305837,26.62314427693685,81.3103141784668
13297,Walton County,GA,25.613179651896157,25.143416531880696,2.042114806175232,2.861273471514384,40.05561771392822,96.77397130330404
13299,Ware County,GA,28.53421109517415,27.505240122477215,1.9526702841122945,2.5899661978085837,84.32351582845052,142.54698155721027
13301,Warren County,GA,28.243161582946776,27.147031593322755,2.0927561561266583,2.7614244778951007,49.92932256062826,107.98535868326825
13303,Washington County,GA,28.21731497446696,27.441296005249026,1.672487978140513,2.3599660913149516,56.21041043599447,115.59320526123048
13305,Wayne County,GA,27.708629989624026,27.017122586568195,1.712132704257965,2.3347596089045206,72.18536516825358,131.82645797729492
13307,Webster County,GA,28.727504920959472,28.17008851369222,2.3300065477689107,3.1317024072011312,62.01697057088216,123.1387720743815
13309,Wheeler County,GA,29.3054713567098,28.792758623758953,2.0511749188105264,2.590018117427826,76.11628774007161,132.3044105529785
13311,White County,GA,22.570046933492023,22.933032671610516,4.323508485158285,5.629540475209554,10.039321025212606,54.18955268859863
13313,Whitfield County,GA,24.22706527709961,24.573420906066893,2.805856386820475,3.7274442116419473,32.00167439778646,90.85627822875976
13315,Wilcox County,GA,28.37120704650879,28.328033383687337,1.9614332914352417,2.7200195948282877,77.22322463989258,132.42861887613932
13317,Wilkes County,GA,27.878216171264647,26.95828692118327,1.9460947871208192,2.752494144439697,46.95509045918782,106.72600021362304
13319,Wilkinson County,GA,28.37452596028646,27.2013796488444,1.569358132282893,2.127467926343282,69.33763262430827,128.8444346110026
13321,Worth County,GA,27.19154516855876,26.918232472737632,1.5457342286904654,2.214964572588603,69.28530082702636,130.18042551676433
51001,Accomack County,VA,23.22175261179606,23.156231753031413,1.3003524502118429,1.925892420609792,13.578713099161783,56.07723401387533
51003,Albemarle County,VA,23.81089356740316,23.499118359883628,1.4159934123357136,2.107428280512492,20.640704727172853,72.3390661875407
51005,Alleghany County,VA,23.24229844411214,23.6423547744751,0.9150940775871276,1.4204516768455506,6.005999803543091,44.99147402445475
51007,Amelia County,VA,23.916184870402017,23.831818262736004,1.4320134858290354,2.0983993808428445,29.05944913228353,81.52317072550456
51009,Amherst County,VA,24.003495979309083,23.622415097554526,1.4616166790326437,2.2511778672536216,16.576550674438476,62.109958521525066
51011,Appomattox County,VA,24.313427861531576,24.198719469706216,1.1992613077163696,1.7792085429032645,22.787036768595375,75.34893633524577
51013,Arlington County,VA,24.227220408121745,24.60863469441732,1.3036635220050812,1.7660320897897084,23.291953341166177,77.12321968078614
51015,Augusta County,VA,24.41856638590495,24.516323471069335,1.076323433717092,1.625077283382416,6.38779649734497,40.20545775095622
51017,Bath County,VA,22.95923391977946,23.20705916086833,0.8036174287398656,1.2982738077640534,3.2645129919052125,34.085093879699706
51019,Bedford County,VA,24.379665756225585,24.1627316792806,1.2054849882920584,1.887412393093109,16.741791756947837,66.76916872660318
51021,Bland County,VA,21.79965419769287,22.138767814636232,0.4485987226168315,0.760187390446663,0.5354177872339885,17.516697486241657
51023,Botetourt County,VA,23.80813840230306,23.89881051381429,1.173503675063451,1.745452348391215,12.352752590179444,59.422614669799806
51025,Brunswick County,VA,22.94653434753418,22.87617327372233,0.9483350177605948,1.454628833134969,31.19815813700358,84.12480189005534
51027,Buchanan County,VA,20.35869115193685,20.875366592407225,0.5576128800710042,0.8922156592210134,5.61251794497172,40.74095528920491
51029,Buckingham County,VA,23.892499669392905,23.707913462320963,1.2769801398118337,1.979761493206024,25.56041202545166,82.15688603719076
51031,Campbell County,VA,24.563660176595057,24.389146614074708,1.0684313297271728,1.6518580118815105,20.535024642944336,73.12610181172688
51033,Caroline County,VA,23.417647743225096,23.369526227315266,0.9976842840512592,1.6444597482681274,25.231641896565755,79.23353970845541
51035,Carroll County,VA,23.540275001525877,23.786143175760905,1.66882666349411,2.54852987130483,2.0751580874125164,26.004488627115887
51036,Charles City County,VA,22.671169662475585,22.668373807271323,1.2626364946365356,1.9386464953422544,35.7952392578125,90.87605056762696
51037,Charlotte County,VA,23.992742602030436,23.662604395548502,1.2726201017697651,2.084096435705821,28.169246101379393,80.14289525349935
51041,Chesterfield County,VA,22.805259132385252,22.69276631673177,1.2121943672498068,1.8669456402460731,30.659940719604492,84.48398818969727
51043,Clarke County,VA,24.356344350179036,24.2080197652181,0.9780177623033524,1.460064129034678,15.71135196685791,63.42054761250814
51045,Craig County,VA,23.10528055826823,23.399422899882,0.9575297156969708,1.5264628728230794,3.3997844378153483,34.45156707763672
51047,Culpeper County,VA,24.529931831359864,23.94360408782959,1.1410972515741984,1.7691594362258911,22.50271841684977,75.30711682637532
51049,Cumberland County,VA,23.632941182454427,23.452857081095377,1.2624291042486826,1.9414435982704163,29.52299912770589,86.10165379842122
51051,Dickenson County,VA,20.19626089731852,20.83032169342041,0.5706324944893519,0.8856158037980397,3.1390092611312865,35.493557612101235
51053,Dinwiddie County,VA,23.376568539937335,23.13995272318522,1.196462607383728,1.7621406157811483,31.794620196024574,83.81228383382161
51057,Essex County,VA,23.283687273661297,23.605619621276855,1.1646561940511069,1.8484030842781067,31.04402364095052,86.29223454793295
51059,Fairfax County,VA,24.04370549519857,24.211007372538248,1.1334091504414876,1.5994866728782653,22.107075691223145,76.07676569620769
51061,Fauquier County,VA,24.147593116760255,23.84323933919271,1.0460960586865744,1.557842501004537,16.178626537322998,63.56539344787598
51063,Floyd County,VA,23.666292826334637,23.69088459014893,1.6956099669138591,2.5426495631535846,1.4712213079134624,23.299879455566405
51065,Fluvanna County,VA,24.40947259267171,23.996364466349284,1.1819786608219147,1.784529980023702,25.22671095530192,84.06014099121094
51067,Franklin County,VA,23.788029543558757,23.398994127909344,1.2784237225850423,2.0530996799468992,16.051398022969565,68.73467432657877
51069,Frederick County,VA,23.760017776489256,23.527946535746256,0.8509262661139171,1.268440274397532,13.499966144561768,58.87457097371419
51071,Giles County,VA,23.070109430948893,23.548139762878417,0.6504803508520126,1.0645539065202076,1.806439503033956,23.14923089345296
51073,Gloucester County,VA,22.78568312327067,22.53492825826009,1.29750208457311,2.091418178876241,25.37721125284831,75.76689834594727
51075,Goochland County,VA,23.90867544809977,23.677797508239745,1.173793582121531,1.7712770064671834,27.101297696431477,80.61216201782227
51077,Grayson County,VA,22.39278621673584,22.60942726135254,1.4183674951394398,2.12394034465154,0.572783546646436,13.810328102111816
51079,Greene County,VA,23.64035924275716,23.060369046529136,1.5925720850626628,2.316193183263143,11.744675795237224,53.81016120910645
51081,Greensville County,VA,23.794148445129395,23.491932678222657,1.2568580428759255,1.8555972695350649,34.5699120203654,86.41828180948893
51083,Halifax County,VA,24.347496032714844,24.03504753112793,1.3569509903589885,2.1981619636217755,29.13109563191732,81.46931228637695
51085,Hanover County,VA,23.71460183461507,23.450628916422527,1.2764793753623962,1.9403066595395408,25.60501340230306,77.49483388264974
51087,Henrico County,VA,23.527548789978027,23.455344835917156,1.3975526134173075,2.0789374232292177,30.182514699300132,83.44907251993816
51089,Henry County,VA,23.794565773010255,23.738807741800944,1.3663178126017252,2.2127524495124815,19.6994348526001,75.19530448913574
51091,Highland County,VA,21.41505540211995,21.72401580810547,0.6520563463370005,1.1588378727436066,0.624642726778984,13.445589303970335
51093,Isle of Wight County,VA,22.675242296854655,22.173900922139484,1.4340668082237245,2.1083465496699016,25.0467347462972,76.94505653381347
51095,James City County,VA,23.560513242085776,23.147095998128258,1.5458276430765787,2.416311192512512,29.156037712097167,82.4002119700114
51097,King and Queen County,VA,23.6517053604126,23.73491071065267,1.4637947758038838,2.2801838318506875,30.585072390238444,87.34698435465495
51099,King George County,VA,23.731401634216308,24.075401242574056,0.7393507450819016,1.238521546125412,25.848881975809732,78.5770487467448
51101,King William County,VA,23.547973696390788,23.723035685221355,1.396874455610911,2.126634657382965,30.434492556254067,87.84878514607747
51103,Lancaster County,VA,22.657779502868653,22.585310808817542,1.1335255304972331,1.870272409915924,24.8767946879069,77.51829045613607
51105,Lee County,VA,20.262936083475747,20.834075291951496,1.2355104307333629,1.9487652977307637,4.332698305447896,45.3418472290039
51107,Loudoun County,VA,23.600376319885253,23.648267237345376,0.9735388338565828,1.5037840088208516,19.235980987548828,68.66144205729167
51109,Louisa County,VA,23.931840578715008,23.490276590983072,1.2299682875474294,1.917114226023356,24.22855428059896,77.47052230834962
51111,Lunenburg County,VA,23.258137448628744,23.112313524882,1.0393804331620535,1.7111374616622923,27.000377655029297,78.98241831461588
51113,Madison County,VA,24.282599385579427,23.647257868448893,1.5888780971368155,2.3309587200482684,14.455788707733154,60.62364921569824
51115,Mathews County,VA,22.679014841715496,22.602449162801108,1.3185296078523,2.1089258511861164,21.17136262257894,67.55349871317546
51117,Mecklenburg County,VA,24.587924194335937,24.123801040649415,1.100234979391098,1.8009211421012878,34.30938320159912,86.8676747639974
51119,Middlesex County,VA,22.956577491760253,22.850971094767253,1.2193575044473013,2.037638779481252,27.102623875935873,80.39721946716308
51121,Montgomery County,VA,24.29873752593994,24.534299405415855,0.8280067433913548,1.2906149725119274,3.36243360042572,35.51154270172119
51125,Nelson County,VA,23.859932136535644,23.59298458099365,1.786448073387146,2.6310007055600484,17.61748676300049,63.34384218851725
51127,New Kent County,VA,22.92080472310384,22.963663864135743,1.312311774492264,2.064558128515879,32.908193270365395,88.8684481302897
51131,Northampton County,VA,23.326779556274413,23.078558095296223,1.2105112512906393,1.9535349925359091,18.17881593704224,60.279502868652344
51133,Northumberland County,VA,22.652687899271648,22.52592042287191,1.1137279570102692,1.6783042351404829,22.711178016662597,74.22323036193848
51135,Nottoway County,VA,24.204018592834473,23.967284965515137,1.4005805154641469,2.092846123377482,25.9905091603597,76.54679260253906
51137,Orange County,VA,24.353676414489748,23.96917470296224,1.2531708498795828,1.928554876645406,21.63264344533285,72.43715629577636
51139,Page County,VA,24.334190622965497,24.02473691304525,1.3531015157699584,1.9859678109486896,10.950007820129397,54.70469932556152
51141,Patrick County,VA,23.263739840189615,23.45090243021647,2.3493262767791747,3.5507408618927,10.169632895787556,55.30712763468424
51143,Pittsylvania County,VA,24.165464210510255,24.322756385803224,1.2165785054365794,1.967336400349935,22.19630781809489,73.15803972880046
51145,Powhatan County,VA,24.110717328389487,24.00317440032959,1.3186479310194652,1.9463815331459045,27.51483771006266,79.9795316060384
51147,Prince Edward County,VA,23.566656176249182,23.332621320088705,1.1887710253397623,1.873218592007955,27.54825496673584,79.53261655171713
51149,Prince George County,VA,23.07729695638021,22.94615014394124,1.3576223035653432,2.0027166604995728,37.66997350056966,92.26550649007162
51153,Prince William County,VA,23.90636437733968,23.878133138020832,0.913196345170339,1.3552311619122823,21.502473704020183,74.05757560729981
51155,Pulaski County,VA,24.55028069814046,24.972930653889975,0.809164450565974,1.230901155869166,2.560109543800354,30.911180686950683
51157,Rappahannock County,VA,24.0440850575765,23.514689763387043,1.4779979248841604,2.235924510161082,15.693673801422118,65.65872319539388
51159,Richmond County,VA,24.088761202494304,24.096191533406575,1.4238670448462167,2.120516316095988,31.27382348378499,85.14449996948242
51161,Roanoke County,VA,23.704056040445963,23.866082445780435,1.121566907564799,1.6725964744885762,9.888103596369426,52.68664385477702
51163,Rockbridge County,VA,24.19004866282145,24.27921511332194,1.3506978849569955,2.0477240403493244,10.302694543202715,52.20763740539551
51165,Rockingham County,VA,24.5852388381958,24.678953297932942,0.8204883853594462,1.288269970814387,8.918772331873576,46.34010836283366
51167,Russell County,VA,20.57162596384684,21.021789868672688,0.6270707160234451,0.8640150805314382,2.242249135176341,33.34411233266194
51169,Scott County,VA,20.5436580657959,21.077010854085287,0.5878477990627289,0.903180346886317,4.681923667589824,48.282362429300946
51171,Shenandoah County,VA,24.55428638458252,24.27102928161621,0.8378682235876719,1.2171167135238647,12.647935422261556,56.308468119303384
51173,Smyth County,VA,20.90663859049479,21.0956205368042,0.8587608774503072,1.2008424758911134,1.0789788703123728,21.854952812194824
51175,Southampton County,VA,22.425684865315755,22.15058479309082,1.1854403018951416,1.8604388157526652,32.37005469004313,83.96511993408203
51177,Spotsylvania County,VA,23.676138814290365,23.41036796569824,1.1272075573603313,1.8152446428934732,24.56630605061849,76.37790667215982
51179,Stafford County,VA,23.866944376627604,24.051532872517903,0.9445477366447448,1.4651916364828743,23.818035507202147,76.53030471801758
51181,Surry County,VA,22.81352710723877,22.541924222310385,1.5270741860071817,2.1742629647254943,30.18382390340169,83.28941688537597
51183,Sussex County,VA,23.28050670623779,23.02309888203939,1.3267528613408406,1.9647024273872375,35.69814491271973,88.31865412394205
51185,Tazewell County,VA,20.30551815032959,20.752800305684406,0.5444273283084233,0.8323315898577373,0.5449943860371907,17.484408315022787
51187,Warren County,VA,24.013020579020186,23.701729329427085,1.0578952848911285,1.5357933243115742,13.58764435450236,58.20989112854003
51191,Washington County,VA,20.98416322072347,21.437770907084147,0.601655990878741,0.8320958415667216,3.481581513086955,40.21187292734782
51193,Westmoreland County,VA,23.772914187113443,24.021882820129395,1.1021687030792235,1.7304615139961244,30.141931597391764,80.93275400797526
51195,Wise County,VA,19.79934329986572,20.575842412312827,0.9876862565676372,1.4202486952145894,1.1103869169950484,24.466087309519448
51197,Wythe County,VA,23.90194435119629,24.06275202433268,0.7000235110521317,1.0820648888746898,1.7643111725648244,29.349960041046145
51199,York County,VA,23.77723814646403,23.300891240437824,1.7906817158063253,2.646483834584554,25.06913369496663,74.08420740763346
51510,Alexandria city,VA,23.95788027445475,24.466790517171223,1.1453739960988365,1.6135389983654025,23.291953341166177,77.12321968078614
51520,Bristol city,VA,21.28720703125,21.64124501546224,0.4317004024982452,0.5794431606928507,4.746685004234314,51.44316527048747
51530,Buena Vista city,VA,25.65345884958903,25.006041971842446,1.708901830514272,2.4671424627304077,11.392056719462078,55.09087003072103
51540,Charlottesville city,VA,24.851235389709473,24.527163887023924,1.6047166387240093,2.284704780578614,26.29709663391113,80.43633702596028
51550,Chesapeake city,VA,21.6794740041097,21.4882287979126,1.2070212225119272,1.8909541169802349,22.337963485717772,68.36234563191732
51570,Colonial Heights city,VA,23.43919588724772,23.306234486897782,1.4913973848025004,2.300534415245056,38.645266723632815,94.38842290242512
51580,Covington city,VA,24.32058022816976,24.94950688680013,0.9394928832848868,1.4041109800338745,12.308213392893473,63.94483998616536
51590,Danville city,VA,24.58790601094564,24.63248672485351,1.4461150864760082,2.133858823776245,34.836238924662275,88.44548187255859
51595,Emporia city,VA,26.07569586435954,25.569891993204752,1.8843509435653687,2.5389339566230773,35.86071675618489,86.71758728027343
51600,Fairfax city,VA,25.081931432088215,24.979499053955077,1.3498045782248178,1.855327014128367,20.86354007720947,74.66136995951335
51610,Falls Church city,VA,24.210324796040855,24.624523417154947,1.3907873928546906,1.878917145729065,23.209536679585774,76.58299369812012
51620,Franklin city,VA,21.88901844024658,21.290239016215008,1.192234671115875,1.780447640021642,28.82916316986084,81.23605054219564
51630,Fredericksburg city,VA,25.565161832173665,25.57602462768555,1.295413221915563,1.9985281546910605,30.13529001871745,82.55407969156902
51640,Galax city,VA,24.722470792134605,25.300087292989097,1.7893685619036357,2.715632132689158,1.387273340423902,24.02080332438151
51650,Hampton city,VA,24.514249420166017,24.022589937845865,2.010429386297862,2.8280643860499066,21.40859915415446,64.4061678568522
51660,Harrisonburg city,VA,26.837286313374836,27.15227680206299,0.7297961046298345,1.1730436623096463,15.3845734278361,59.297660446166994
51670,Hopewell city,VA,24.86641044616699,24.672376505533855,1.906164228916168,2.6951929410298665,44.48429985046387,98.87918650309244
51678,Lexington city,VA,25.809236653645833,26.106516901652014,1.2139646371205648,1.701116810242335,18.207386843363444,67.40363744099935
51680,Lynchburg city,VA,24.074676577250163,24.12927188873291,0.8783556630214056,1.410471099615097,19.150407854715983,71.68386281331381
51683,Manassas city,VA,24.586421140034993,24.553937339782713,0.9234141687552134,1.3645748714605967,26.37443313598633,79.53473688761393
51685,Manassas Park city,VA,24.591217231750488,24.41448230743408,1.0293705463409424,1.480257648229599,26.37443313598633,79.53473688761393
51690,Martinsville city,VA,25.37222735087077,25.555759239196775,1.5759665668010712,2.537722945213318,23.296376609802245,78.56444002787272
51700,Newport News city,VA,23.829297065734863,23.310031382242837,1.7959129691123965,2.610873023668925,24.21282450358073,71.59424896240235
51710,Norfolk city,VA,23.503363800048827,23.526964314778645,1.900287918249766,2.634459841251373,23.37086124420166,66.24932403564453
51720,Norton city,VA,19.575008646647134,20.204053942362467,1.3888102412223815,1.956862449645996,0.3184066669394572,14.919193331400551
51730,Petersburg city,VA,23.668594296773275,23.523714192708333,1.6672380487124123,2.4127020835876465,36.85441354115804,92.2200533548991
51735,Poquoson city,VA,24.14707310994466,23.827517700195312,1.9923689683278405,2.896800486246745,20.769597721099853,64.27718556722006
51740,Portsmouth city,VA,23.03227119445801,22.983618418375652,1.6266393105189003,2.371723993619283,22.743598429361978,67.52608985900879
51750,Radford city,VA,24.630284690856932,24.94288953145345,0.6837561691800753,1.0699582437674204,3.3588300148646035,37.81086330413818
51760,Richmond city,VA,22.695354652404784,22.59879519144694,1.1857401351133985,1.8701859831809995,30.38526859283447,83.96404622395833
51770,Roanoke city,VA,24.54803835550944,24.64214808146159,1.2835938553015391,1.8025748093922933,22.97145347595215,78.71796023050943
51775,Salem city,VA,23.54284744262695,23.968445587158204,0.9242952545483908,1.3169258177280423,20.404090245564777,75.68641993204753
51790,Staunton city,VA,26.965928840637208,27.047730509440104,1.1166009505589802,1.5520111978054048,11.168731768925984,55.41896006266276
51800,Suffolk city,VA,22.59023234049479,22.087125142415363,1.4786139190196992,2.162597930431366,24.930801836649575,76.21850789388021
51810,Virginia Beach city,VA,23.576469548543297,23.39883321126302,1.5472302675247191,2.301656154791514,21.20953070322673,59.69014256795247
51820,Waynesboro city,VA,25.199342409769695,24.799298795064292,1.4233674108982086,2.0244364937146506,12.169993241628012,57.27778701782226
51830,Williamsburg city,VA,24.78117643992106,23.986572329203288,2.032348895072937,2.9497153600056967,27.610490163167317,79.21323026021322
51840,Winchester city,VA,25.00979200998942,24.608753712972007,1.031163184841474,1.4954586704572042,16.20895004272461,65.10290705362955
